INSERT INTO "TeamEquipments" ("id", "teamId", "equipmentName", "quantity", "createdAt", "updatedAt") VALUES ('27', '41', '걸이구', '1', '2025-11-18 05:43:36.754', '2025-11-18 06:02:59.237');
INSERT INTO "TeamEquipments" ("id", "teamId", "equipmentName", "quantity", "createdAt", "updatedAt") VALUES ('28', '41', '드릴기,플라즈마,레이져절단기', '1', '2025-11-18 05:43:36.756', '2025-11-18 06:02:59.239');
INSERT INTO "TeamEquipments" ("id", "teamId", "equipmentName", "quantity", "createdAt", "updatedAt") VALUES ('29', '41', '밀링기,면취기', '1', '2025-11-18 05:43:36.758', '2025-11-18 06:02:59.24');
INSERT INTO "TeamEquipments" ("id", "teamId", "equipmentName", "quantity", "createdAt", "updatedAt") VALUES ('30', '41', '소화전,소화기', '1', '2025-11-18 05:43:36.759', '2025-11-18 06:02:59.242');
INSERT INTO "TeamEquipments" ("id", "teamId", "equipmentName", "quantity", "createdAt", "updatedAt") VALUES ('31', '41', '용접기', '1', '2025-11-18 05:43:36.761', '2025-11-18 06:02:59.243');
INSERT INTO "TeamEquipments" ("id", "teamId", "equipmentName", "quantity", "createdAt", "updatedAt") VALUES ('32', '41', '세척기선반', '1', '2025-11-18 05:43:36.763', '2025-11-18 06:02:59.245');
INSERT INTO "TeamEquipments" ("id", "teamId", "equipmentName", "quantity", "createdAt", "updatedAt") VALUES ('33', '41', '보링기,반전기', '1', '2025-11-18 05:43:36.765', '2025-11-18 06:02:59.246');
INSERT INTO "TeamEquipments" ("id", "teamId", "equipmentName", "quantity", "createdAt", "updatedAt") VALUES ('35', '41', '고속절단기,핸드그라인더', '1', '2025-11-18 05:43:36.768', '2025-11-18 06:02:59.249');
INSERT INTO "TeamEquipments" ("id", "teamId", "equipmentName", "quantity", "createdAt", "updatedAt") VALUES ('36', '41', '작업대발판', '1', '2025-11-18 05:43:36.77', '2025-11-18 06:02:59.25');
INSERT INTO "TeamEquipments" ("id", "teamId", "equipmentName", "quantity", "createdAt", "updatedAt") VALUES ('37', '42', '절곡기', '1', '2025-11-18 05:43:36.773', '2025-11-18 06:02:59.253');
INSERT INTO "TeamEquipments" ("id", "teamId", "equipmentName", "quantity", "createdAt", "updatedAt") VALUES ('38', '42', '소화전,소화기', '1', '2025-11-18 05:43:36.775', '2025-11-18 06:02:59.255');
INSERT INTO "TeamEquipments" ("id", "teamId", "equipmentName", "quantity", "createdAt", "updatedAt") VALUES ('39', '42', '밀링기,면취기', '1', '2025-11-18 05:43:36.777', '2025-11-18 06:02:59.256');
INSERT INTO "TeamEquipments" ("id", "teamId", "equipmentName", "quantity", "createdAt", "updatedAt") VALUES ('40', '42', '탁상용연삭기,드릴', '1', '2025-11-18 05:43:36.778', '2025-11-18 06:02:59.258');
INSERT INTO "TeamEquipments" ("id", "teamId", "equipmentName", "quantity", "createdAt", "updatedAt") VALUES ('76', '4', '크레인', '3', '2025-11-18 05:43:36.857', '2025-11-19 00:30:18.76');
INSERT INTO "TeamEquipments" ("id", "teamId", "equipmentName", "quantity", "createdAt", "updatedAt") VALUES ('77', '4', '절곡기', '1', '2025-11-18 05:43:36.86', '2025-11-19 00:30:18.76');
INSERT INTO "TeamEquipments" ("id", "teamId", "equipmentName", "quantity", "createdAt", "updatedAt") VALUES ('79', '4', '세척기선반', '1', '2025-11-18 05:43:36.864', '2025-11-19 00:30:18.76');
INSERT INTO "TeamEquipments" ("id", "teamId", "equipmentName", "quantity", "createdAt", "updatedAt") VALUES ('80', '4', '탁상용연삭기,드릴', '1', '2025-11-18 05:43:36.866', '2025-11-19 00:30:18.76');
INSERT INTO "TeamEquipments" ("id", "teamId", "equipmentName", "quantity", "createdAt", "updatedAt") VALUES ('41', '2', '지게차', '1', '2025-11-18 05:43:36.782', '2025-11-19 00:30:18.799');
INSERT INTO "TeamEquipments" ("id", "teamId", "equipmentName", "quantity", "createdAt", "updatedAt") VALUES ('42', '2', '크레인', '7', '2025-11-18 05:43:36.784', '2025-11-19 00:30:18.799');
INSERT INTO "TeamEquipments" ("id", "teamId", "equipmentName", "quantity", "createdAt", "updatedAt") VALUES ('43', '2', '절곡기', '1', '2025-11-18 05:43:36.786', '2025-11-19 00:30:18.799');
INSERT INTO "TeamEquipments" ("id", "teamId", "equipmentName", "quantity", "createdAt", "updatedAt") VALUES ('44', '2', '걸이구', '1', '2025-11-18 05:43:36.788', '2025-11-19 00:30:18.799');
INSERT INTO "TeamEquipments" ("id", "teamId", "equipmentName", "quantity", "createdAt", "updatedAt") VALUES ('45', '2', '드릴기,플라즈마,레이져절단기', '1', '2025-11-18 05:43:36.789', '2025-11-19 00:30:18.799');
INSERT INTO "TeamEquipments" ("id", "teamId", "equipmentName", "quantity", "createdAt", "updatedAt") VALUES ('46', '2', '소화전,소화기', '1', '2025-11-18 05:43:36.791', '2025-11-19 00:30:18.799');
INSERT INTO "TeamEquipments" ("id", "teamId", "equipmentName", "quantity", "createdAt", "updatedAt") VALUES ('47', '2', '용접기', '1', '2025-11-18 05:43:36.793', '2025-11-19 00:30:18.799');
INSERT INTO "TeamEquipments" ("id", "teamId", "equipmentName", "quantity", "createdAt", "updatedAt") VALUES ('48', '2', '세척기선반', '1', '2025-11-18 05:43:36.796', '2025-11-19 00:30:18.799');
INSERT INTO "TeamEquipments" ("id", "teamId", "equipmentName", "quantity", "createdAt", "updatedAt") VALUES ('49', '2', '고속절단기,핸드그라인더', '1', '2025-11-18 05:43:36.797', '2025-11-19 00:30:18.799');
INSERT INTO "TeamEquipments" ("id", "teamId", "equipmentName", "quantity", "createdAt", "updatedAt") VALUES ('50', '2', '밧데리충전기', '1', '2025-11-18 05:43:36.8', '2025-11-19 00:30:18.799');
INSERT INTO "TeamEquipments" ("id", "teamId", "equipmentName", "quantity", "createdAt", "updatedAt") VALUES ('51', '2', '작업대발판', '1', '2025-11-18 05:43:36.801', '2025-11-19 00:30:18.799');
INSERT INTO "TeamEquipments" ("id", "teamId", "equipmentName", "quantity", "createdAt", "updatedAt") VALUES ('68', '45', '지게차', '4', '2025-11-18 05:43:36.839', '2025-11-18 06:02:59.304');
INSERT INTO "TeamEquipments" ("id", "teamId", "equipmentName", "quantity", "createdAt", "updatedAt") VALUES ('69', '45', '걸이구', '1', '2025-11-18 05:43:36.841', '2025-11-18 06:02:59.305');
INSERT INTO "TeamEquipments" ("id", "teamId", "equipmentName", "quantity", "createdAt", "updatedAt") VALUES ('70', '45', '소화전,소화기', '1', '2025-11-18 05:43:36.843', '2025-11-18 06:02:59.307');
INSERT INTO "TeamEquipments" ("id", "teamId", "equipmentName", "quantity", "createdAt", "updatedAt") VALUES ('71', '45', '분배전반', '1', '2025-11-18 05:43:36.844', '2025-11-18 06:02:59.308');
INSERT INTO "TeamEquipments" ("id", "teamId", "equipmentName", "quantity", "createdAt", "updatedAt") VALUES ('72', '45', '밧데리충전기', '1', '2025-11-18 05:43:36.846', '2025-11-18 06:02:59.309');
INSERT INTO "TeamEquipments" ("id", "teamId", "equipmentName", "quantity", "createdAt", "updatedAt") VALUES ('73', '46', '절곡기', '1', '2025-11-18 05:43:36.85', '2025-11-18 06:02:59.311');
INSERT INTO "TeamEquipments" ("id", "teamId", "equipmentName", "quantity", "createdAt", "updatedAt") VALUES ('74', '46', '소화전,소화기', '1', '2025-11-18 05:43:36.852', '2025-11-18 06:02:59.313');
INSERT INTO "TeamEquipments" ("id", "teamId", "equipmentName", "quantity", "createdAt", "updatedAt") VALUES ('75', '46', '밀링기,면취기', '1', '2025-11-18 05:43:36.854', '2025-11-18 06:02:59.314');
INSERT INTO "TeamEquipments" ("id", "teamId", "equipmentName", "quantity", "createdAt", "updatedAt") VALUES ('81', '48', '지게차', '1', '2025-11-18 05:43:36.869', '2025-11-18 06:02:59.325');
INSERT INTO "TeamEquipments" ("id", "teamId", "equipmentName", "quantity", "createdAt", "updatedAt") VALUES ('82', '48', '크레인', '2', '2025-11-18 05:43:36.871', '2025-11-18 06:02:59.326');
INSERT INTO "TeamEquipments" ("id", "teamId", "equipmentName", "quantity", "createdAt", "updatedAt") VALUES ('83', '48', '절곡기', '1', '2025-11-18 05:43:36.873', '2025-11-18 06:02:59.327');
INSERT INTO "TeamEquipments" ("id", "teamId", "equipmentName", "quantity", "createdAt", "updatedAt") VALUES ('84', '48', '걸이구', '1', '2025-11-18 05:43:36.875', '2025-11-18 06:02:59.329');
INSERT INTO "TeamEquipments" ("id", "teamId", "equipmentName", "quantity", "createdAt", "updatedAt") VALUES ('85', '48', '드릴기,플라즈마,레이져절단기', '1', '2025-11-18 05:43:36.877', '2025-11-18 06:02:59.331');
INSERT INTO "TeamEquipments" ("id", "teamId", "equipmentName", "quantity", "createdAt", "updatedAt") VALUES ('86', '48', '소화전,소화기', '1', '2025-11-18 05:43:36.879', '2025-11-18 06:02:59.332');
INSERT INTO "TeamEquipments" ("id", "teamId", "equipmentName", "quantity", "createdAt", "updatedAt") VALUES ('87', '48', '용접기', '1', '2025-11-18 05:43:36.881', '2025-11-18 06:02:59.333');
INSERT INTO "TeamEquipments" ("id", "teamId", "equipmentName", "quantity", "createdAt", "updatedAt") VALUES ('88', '48', '세척기선반', '1', '2025-11-18 05:43:36.882', '2025-11-18 06:02:59.335');
INSERT INTO "TeamEquipments" ("id", "teamId", "equipmentName", "quantity", "createdAt", "updatedAt") VALUES ('89', '48', '탁상용연삭기,드릴', '1', '2025-11-18 05:43:36.884', '2025-11-18 06:02:59.336');
INSERT INTO "TeamEquipments" ("id", "teamId", "equipmentName", "quantity", "createdAt", "updatedAt") VALUES ('90', '48', '고속절단기,핸드그라인더', '1', '2025-11-18 05:43:36.886', '2025-11-18 06:02:59.337');
INSERT INTO "TeamEquipments" ("id", "teamId", "equipmentName", "quantity", "createdAt", "updatedAt") VALUES ('91', '48', '작업대발판', '1', '2025-11-18 05:43:36.888', '2025-11-18 06:02:59.339');
INSERT INTO "TeamEquipments" ("id", "teamId", "equipmentName", "quantity", "createdAt", "updatedAt") VALUES ('92', '49', '지게차', '5', '2025-11-18 05:43:36.891', '2025-11-18 06:02:59.341');
INSERT INTO "TeamEquipments" ("id", "teamId", "equipmentName", "quantity", "createdAt", "updatedAt") VALUES ('93', '49', '걸이구', '1', '2025-11-18 05:43:36.893', '2025-11-18 06:02:59.343');
INSERT INTO "TeamEquipments" ("id", "teamId", "equipmentName", "quantity", "createdAt", "updatedAt") VALUES ('94', '49', '소화전,소화기', '1', '2025-11-18 05:43:36.895', '2025-11-18 06:02:59.345');
INSERT INTO "TeamEquipments" ("id", "teamId", "equipmentName", "quantity", "createdAt", "updatedAt") VALUES ('95', '49', '분배전반', '1', '2025-11-18 05:43:36.897', '2025-11-18 06:02:59.346');
INSERT INTO "TeamEquipments" ("id", "teamId", "equipmentName", "quantity", "createdAt", "updatedAt") VALUES ('96', '49', '밧데리충전기', '1', '2025-11-18 05:43:36.899', '2025-11-18 06:02:59.348');
INSERT INTO "TeamEquipments" ("id", "teamId", "equipmentName", "quantity", "createdAt", "updatedAt") VALUES ('52', '3', '지게차', '1', '2025-11-18 05:43:36.805', '2025-11-19 00:30:18.741');
INSERT INTO "TeamEquipments" ("id", "teamId", "equipmentName", "quantity", "createdAt", "updatedAt") VALUES ('53', '3', '크레인', '6', '2025-11-18 05:43:36.807', '2025-11-19 00:30:18.741');
INSERT INTO "TeamEquipments" ("id", "teamId", "equipmentName", "quantity", "createdAt", "updatedAt") VALUES ('1', '39', '지게차', '1', '2025-11-18 05:43:36.692', '2025-11-18 06:02:59.182');
INSERT INTO "TeamEquipments" ("id", "teamId", "equipmentName", "quantity", "createdAt", "updatedAt") VALUES ('5', '39', '드릴기,플라즈마,레이져절단기', '1', '2025-11-18 05:43:36.708', '2025-11-18 06:02:59.196');
INSERT INTO "TeamEquipments" ("id", "teamId", "equipmentName", "quantity", "createdAt", "updatedAt") VALUES ('34', '41', '탁상용연삭기,드릴', '1', '2025-11-18 05:43:36.766', '2025-11-18 06:02:59.247');
INSERT INTO "TeamEquipments" ("id", "teamId", "equipmentName", "quantity", "createdAt", "updatedAt") VALUES ('54', '3', '전단기', '1', '2025-11-18 05:43:36.809', '2025-11-19 00:30:18.741');
INSERT INTO "TeamEquipments" ("id", "teamId", "equipmentName", "quantity", "createdAt", "updatedAt") VALUES ('55', '3', '절곡기', '3', '2025-11-18 05:43:36.811', '2025-11-19 00:30:18.741');
INSERT INTO "TeamEquipments" ("id", "teamId", "equipmentName", "quantity", "createdAt", "updatedAt") VALUES ('56', '3', '걸이구', '1', '2025-11-18 05:43:36.813', '2025-11-19 00:30:18.741');
INSERT INTO "TeamEquipments" ("id", "teamId", "equipmentName", "quantity", "createdAt", "updatedAt") VALUES ('58', '3', '소화전,소화기', '1', '2025-11-18 05:43:36.816', '2025-11-19 00:30:18.741');
INSERT INTO "TeamEquipments" ("id", "teamId", "equipmentName", "quantity", "createdAt", "updatedAt") VALUES ('59', '3', '밀링기,면취기', '2', '2025-11-18 05:43:36.819', '2025-11-19 00:30:18.741');
INSERT INTO "TeamEquipments" ("id", "teamId", "equipmentName", "quantity", "createdAt", "updatedAt") VALUES ('60', '3', '세척기선반', '1', '2025-11-18 05:43:36.82', '2025-11-19 00:30:18.741');
INSERT INTO "TeamEquipments" ("id", "teamId", "equipmentName", "quantity", "createdAt", "updatedAt") VALUES ('61', '3', '보링기,반전기', '1', '2025-11-18 05:43:36.823', '2025-11-19 00:30:18.741');
INSERT INTO "TeamEquipments" ("id", "teamId", "equipmentName", "quantity", "createdAt", "updatedAt") VALUES ('62', '3', '탁상용연삭기,드릴', '1', '2025-11-18 05:43:36.825', '2025-11-19 00:30:18.741');
INSERT INTO "TeamEquipments" ("id", "teamId", "equipmentName", "quantity", "createdAt", "updatedAt") VALUES ('63', '3', '분배전반', '1', '2025-11-18 05:43:36.827', '2025-11-19 00:30:18.741');
INSERT INTO "TeamEquipments" ("id", "teamId", "equipmentName", "quantity", "createdAt", "updatedAt") VALUES ('64', '3', '고속절단기,핸드그라인더', '1', '2025-11-18 05:43:36.829', '2025-11-19 00:30:18.741');
INSERT INTO "TeamEquipments" ("id", "teamId", "equipmentName", "quantity", "createdAt", "updatedAt") VALUES ('65', '3', '전동드릴밴드쏘우', '1', '2025-11-18 05:43:36.831', '2025-11-19 00:30:18.741');
INSERT INTO "TeamEquipments" ("id", "teamId", "equipmentName", "quantity", "createdAt", "updatedAt") VALUES ('66', '3', '산소절단기', '1', '2025-11-18 05:43:36.833', '2025-11-19 00:30:18.741');
INSERT INTO "TeamEquipments" ("id", "teamId", "equipmentName", "quantity", "createdAt", "updatedAt") VALUES ('67', '3', '보일러,국소배기장치', '1', '2025-11-18 05:43:36.835', '2025-11-19 00:30:18.741');
INSERT INTO "TeamEquipments" ("id", "teamId", "equipmentName", "quantity", "createdAt", "updatedAt") VALUES ('57', '3', '드릴기,플라즈마,레이져절단기', '4', '2025-11-18 05:43:36.815', '2025-11-19 00:30:18.741');
INSERT INTO "TeamEquipments" ("id", "teamId", "equipmentName", "quantity", "createdAt", "updatedAt") VALUES ('78', '4', '드릴기,플라즈마,레이져절단기', '1', '2025-11-18 05:43:36.862', '2025-11-19 00:30:18.76');
INSERT INTO "TeamEquipments" ("id", "teamId", "equipmentName", "quantity", "createdAt", "updatedAt") VALUES ('429', '50', '지게차', '2', '2025-11-26 01:54:49.816', '2025-11-26 01:54:49.816');
INSERT INTO "TeamEquipments" ("id", "teamId", "equipmentName", "quantity", "createdAt", "updatedAt") VALUES ('430', '50', '크레인', '14', '2025-11-26 01:54:49.827', '2025-11-26 01:54:49.827');
INSERT INTO "TeamEquipments" ("id", "teamId", "equipmentName", "quantity", "createdAt", "updatedAt") VALUES ('431', '50', 'CNC선반', '6', '2025-11-26 01:54:49.83', '2025-11-26 01:54:49.83');
INSERT INTO "TeamEquipments" ("id", "teamId", "equipmentName", "quantity", "createdAt", "updatedAt") VALUES ('432', '50', 'MCT', '9', '2025-11-26 01:54:49.832', '2025-11-26 01:54:49.832');
INSERT INTO "TeamEquipments" ("id", "teamId", "equipmentName", "quantity", "createdAt", "updatedAt") VALUES ('433', '50', 'Deep Hole', '1', '2025-11-26 01:54:49.835', '2025-11-26 01:54:49.835');
INSERT INTO "TeamEquipments" ("id", "teamId", "equipmentName", "quantity", "createdAt", "updatedAt") VALUES ('434', '50', '드릴(레디알)', '1', '2025-11-26 01:54:49.837', '2025-11-26 01:54:49.837');
INSERT INTO "TeamEquipments" ("id", "teamId", "equipmentName", "quantity", "createdAt", "updatedAt") VALUES ('435', '50', '탁상용연삭기', '1', '2025-11-26 01:54:49.84', '2025-11-26 01:54:49.84');
INSERT INTO "TeamEquipments" ("id", "teamId", "equipmentName", "quantity", "createdAt", "updatedAt") VALUES ('436', '50', '밴드쏘우', '1', '2025-11-26 01:54:49.842', '2025-11-26 01:54:49.842');
INSERT INTO "TeamEquipments" ("id", "teamId", "equipmentName", "quantity", "createdAt", "updatedAt") VALUES ('437', '50', '칩이송장치', '1', '2025-11-26 01:54:49.845', '2025-11-26 01:54:49.845');
INSERT INTO "TeamEquipments" ("id", "teamId", "equipmentName", "quantity", "createdAt", "updatedAt") VALUES ('438', '50', '산소절단기', '1', '2025-11-26 01:54:49.847', '2025-11-26 01:54:49.847');
INSERT INTO "TeamEquipments" ("id", "teamId", "equipmentName", "quantity", "createdAt", "updatedAt") VALUES ('439', '50', '위험물/가스저장소', '1', '2025-11-26 01:54:49.849', '2025-11-26 01:54:49.849');
INSERT INTO "TeamEquipments" ("id", "teamId", "equipmentName", "quantity", "createdAt", "updatedAt") VALUES ('440', '50', '소화전/소화기', '1', '2025-11-26 01:54:49.851', '2025-11-26 01:54:49.851');
INSERT INTO "TeamEquipments" ("id", "teamId", "equipmentName", "quantity", "createdAt", "updatedAt") VALUES ('441', '50', '분배전반', '1', '2025-11-26 01:54:49.854', '2025-11-26 01:54:49.854');
INSERT INTO "TeamEquipments" ("id", "teamId", "equipmentName", "quantity", "createdAt", "updatedAt") VALUES ('442', '50', '걸이구', '1', '2025-11-26 01:54:49.856', '2025-11-26 01:54:49.856');
INSERT INTO "TeamEquipments" ("id", "teamId", "equipmentName", "quantity", "createdAt", "updatedAt") VALUES ('443', '50', '압력용기', '1', '2025-11-26 01:54:49.858', '2025-11-26 01:54:49.858');
INSERT INTO "TeamEquipments" ("id", "teamId", "equipmentName", "quantity", "createdAt", "updatedAt") VALUES ('444', '51', '크레인', '7', '2025-11-26 01:54:49.86', '2025-11-26 01:54:49.86');
INSERT INTO "TeamEquipments" ("id", "teamId", "equipmentName", "quantity", "createdAt", "updatedAt") VALUES ('445', '51', 'Deep Hole', '1', '2025-11-26 01:54:49.863', '2025-11-26 01:54:49.863');
INSERT INTO "TeamEquipments" ("id", "teamId", "equipmentName", "quantity", "createdAt", "updatedAt") VALUES ('446', '51', '연삭기', '12', '2025-11-26 01:54:49.865', '2025-11-26 01:54:49.865');
INSERT INTO "TeamEquipments" ("id", "teamId", "equipmentName", "quantity", "createdAt", "updatedAt") VALUES ('447', '51', '위험물/가스저장소', '1', '2025-11-26 01:54:49.867', '2025-11-26 01:54:49.867');
INSERT INTO "TeamEquipments" ("id", "teamId", "equipmentName", "quantity", "createdAt", "updatedAt") VALUES ('448', '51', '소화전/소화기', '1', '2025-11-26 01:54:49.869', '2025-11-26 01:54:49.869');
INSERT INTO "TeamEquipments" ("id", "teamId", "equipmentName", "quantity", "createdAt", "updatedAt") VALUES ('449', '51', '분배전반', '1', '2025-11-26 01:54:49.871', '2025-11-26 01:54:49.871');
INSERT INTO "TeamEquipments" ("id", "teamId", "equipmentName", "quantity", "createdAt", "updatedAt") VALUES ('450', '51', '공기압축기', '1', '2025-11-26 01:54:49.873', '2025-11-26 01:54:49.873');
INSERT INTO "TeamEquipments" ("id", "teamId", "equipmentName", "quantity", "createdAt", "updatedAt") VALUES ('451', '52', '지게차', '2', '2025-11-26 01:54:49.875', '2025-11-26 01:54:49.875');
INSERT INTO "TeamEquipments" ("id", "teamId", "equipmentName", "quantity", "createdAt", "updatedAt") VALUES ('452', '52', '크레인', '9', '2025-11-26 01:54:49.877', '2025-11-26 01:54:49.877');
INSERT INTO "TeamEquipments" ("id", "teamId", "equipmentName", "quantity", "createdAt", "updatedAt") VALUES ('453', '52', '컨베이어', '1', '2025-11-26 01:54:49.879', '2025-11-26 01:54:49.879');
INSERT INTO "TeamEquipments" ("id", "teamId", "equipmentName", "quantity", "createdAt", "updatedAt") VALUES ('454', '52', '반전기', '1', '2025-11-26 01:54:49.881', '2025-11-26 01:54:49.881');
INSERT INTO "TeamEquipments" ("id", "teamId", "equipmentName", "quantity", "createdAt", "updatedAt") VALUES ('455', '52', '연삭기', '1', '2025-11-26 01:54:49.883', '2025-11-26 01:54:49.883');
INSERT INTO "TeamEquipments" ("id", "teamId", "equipmentName", "quantity", "createdAt", "updatedAt") VALUES ('456', '52', '둥근톱', '1', '2025-11-26 01:54:49.884', '2025-11-26 01:54:49.884');
INSERT INTO "TeamEquipments" ("id", "teamId", "equipmentName", "quantity", "createdAt", "updatedAt") VALUES ('457', '52', '산소절단기', '1', '2025-11-26 01:54:49.886', '2025-11-26 01:54:49.886');
INSERT INTO "TeamEquipments" ("id", "teamId", "equipmentName", "quantity", "createdAt", "updatedAt") VALUES ('458', '52', '위험물/가스저장소', '1', '2025-11-26 01:54:49.888', '2025-11-26 01:54:49.888');
INSERT INTO "TeamEquipments" ("id", "teamId", "equipmentName", "quantity", "createdAt", "updatedAt") VALUES ('459', '52', '소화전/소화기', '1', '2025-11-26 01:54:49.89', '2025-11-26 01:54:49.89');
INSERT INTO "TeamEquipments" ("id", "teamId", "equipmentName", "quantity", "createdAt", "updatedAt") VALUES ('460', '52', '분배전반', '1', '2025-11-26 01:54:49.892', '2025-11-26 01:54:49.892');
INSERT INTO "TeamEquipments" ("id", "teamId", "equipmentName", "quantity", "createdAt", "updatedAt") VALUES ('461', '52', '압력용기', '1', '2025-11-26 01:54:49.894', '2025-11-26 01:54:49.894');
INSERT INTO "TeamEquipments" ("id", "teamId", "equipmentName", "quantity", "createdAt", "updatedAt") VALUES ('462', '53', '지게차', '1', '2025-11-26 01:54:49.896', '2025-11-26 01:54:49.896');
INSERT INTO "TeamEquipments" ("id", "teamId", "equipmentName", "quantity", "createdAt", "updatedAt") VALUES ('463', '53', '크레인', '7', '2025-11-26 01:54:49.897', '2025-11-26 01:54:49.897');
INSERT INTO "TeamEquipments" ("id", "teamId", "equipmentName", "quantity", "createdAt", "updatedAt") VALUES ('464', '53', '위험물/가스저장소', '1', '2025-11-26 01:54:49.899', '2025-11-26 01:54:49.899');
INSERT INTO "TeamEquipments" ("id", "teamId", "equipmentName", "quantity", "createdAt", "updatedAt") VALUES ('465', '53', '소화전/소화기', '1', '2025-11-26 01:54:49.901', '2025-11-26 01:54:49.901');
INSERT INTO "TeamEquipments" ("id", "teamId", "equipmentName", "quantity", "createdAt", "updatedAt") VALUES ('466', '53', '분배전반', '1', '2025-11-26 01:54:49.903', '2025-11-26 01:54:49.903');
INSERT INTO "TeamEquipments" ("id", "teamId", "equipmentName", "quantity", "createdAt", "updatedAt") VALUES ('467', '53', '걸이구', '1', '2025-11-26 01:54:49.905', '2025-11-26 01:54:49.905');
INSERT INTO "TeamEquipments" ("id", "teamId", "equipmentName", "quantity", "createdAt", "updatedAt") VALUES ('468', '53', '공기압축기', '1', '2025-11-26 01:54:49.906', '2025-11-26 01:54:49.906');
INSERT INTO "TeamEquipments" ("id", "teamId", "equipmentName", "quantity", "createdAt", "updatedAt") VALUES ('469', '54', '지게차', '3', '2025-11-26 01:54:49.908', '2025-11-26 01:54:49.908');
INSERT INTO "TeamEquipments" ("id", "teamId", "equipmentName", "quantity", "createdAt", "updatedAt") VALUES ('470', '54', '크레인', '13', '2025-11-26 01:54:49.91', '2025-11-26 01:54:49.91');
INSERT INTO "TeamEquipments" ("id", "teamId", "equipmentName", "quantity", "createdAt", "updatedAt") VALUES ('471', '54', '컨베이어', '1', '2025-11-26 01:54:49.911', '2025-11-26 01:54:49.911');
INSERT INTO "TeamEquipments" ("id", "teamId", "equipmentName", "quantity", "createdAt", "updatedAt") VALUES ('472', '54', '용접기', '1', '2025-11-26 01:54:49.913', '2025-11-26 01:54:49.913');
INSERT INTO "TeamEquipments" ("id", "teamId", "equipmentName", "quantity", "createdAt", "updatedAt") VALUES ('473', '54', '반전기', '1', '2025-11-26 01:54:49.914', '2025-11-26 01:54:49.914');
INSERT INTO "TeamEquipments" ("id", "teamId", "equipmentName", "quantity", "createdAt", "updatedAt") VALUES ('474', '54', '도장장/건조로', '1', '2025-11-26 01:54:49.916', '2025-11-26 01:54:49.916');
INSERT INTO "TeamEquipments" ("id", "teamId", "equipmentName", "quantity", "createdAt", "updatedAt") VALUES ('475', '54', '드릴(레디알)', '1', '2025-11-26 01:54:49.917', '2025-11-26 01:54:49.917');
INSERT INTO "TeamEquipments" ("id", "teamId", "equipmentName", "quantity", "createdAt", "updatedAt") VALUES ('476', '54', '전동드릴/타카', '1', '2025-11-26 01:54:49.919', '2025-11-26 01:54:49.919');
INSERT INTO "TeamEquipments" ("id", "teamId", "equipmentName", "quantity", "createdAt", "updatedAt") VALUES ('477', '54', '둥근톱', '1', '2025-11-26 01:54:49.92', '2025-11-26 01:54:49.92');
INSERT INTO "TeamEquipments" ("id", "teamId", "equipmentName", "quantity", "createdAt", "updatedAt") VALUES ('478', '54', '산소절단기', '1', '2025-11-26 01:54:49.922', '2025-11-26 01:54:49.922');
INSERT INTO "TeamEquipments" ("id", "teamId", "equipmentName", "quantity", "createdAt", "updatedAt") VALUES ('479', '54', '위험물/가스저장소', '1', '2025-11-26 01:54:49.923', '2025-11-26 01:54:49.923');
INSERT INTO "TeamEquipments" ("id", "teamId", "equipmentName", "quantity", "createdAt", "updatedAt") VALUES ('480', '54', '소화전/소화기', '1', '2025-11-26 01:54:49.925', '2025-11-26 01:54:49.925');
INSERT INTO "TeamEquipments" ("id", "teamId", "equipmentName", "quantity", "createdAt", "updatedAt") VALUES ('481', '54', '분배전반', '1', '2025-11-26 01:54:49.926', '2025-11-26 01:54:49.926');
INSERT INTO "TeamEquipments" ("id", "teamId", "equipmentName", "quantity", "createdAt", "updatedAt") VALUES ('482', '54', '걸이구', '1', '2025-11-26 01:54:49.928', '2025-11-26 01:54:49.928');
INSERT INTO "TeamEquipments" ("id", "teamId", "equipmentName", "quantity", "createdAt", "updatedAt") VALUES ('483', '54', '압력용기', '1', '2025-11-26 01:54:49.929', '2025-11-26 01:54:49.929');
INSERT INTO "TeamEquipments" ("id", "teamId", "equipmentName", "quantity", "createdAt", "updatedAt") VALUES ('484', '54', '공기압축기', '2', '2025-11-26 01:54:49.931', '2025-11-26 01:54:49.931');
INSERT INTO "TeamEquipments" ("id", "teamId", "equipmentName", "quantity", "createdAt", "updatedAt") VALUES ('485', '55', '지게차', '1', '2025-11-26 01:54:49.933', '2025-11-26 01:54:49.933');
INSERT INTO "TeamEquipments" ("id", "teamId", "equipmentName", "quantity", "createdAt", "updatedAt") VALUES ('486', '55', '크레인', '4', '2025-11-26 01:54:49.934', '2025-11-26 01:54:49.934');
INSERT INTO "TeamEquipments" ("id", "teamId", "equipmentName", "quantity", "createdAt", "updatedAt") VALUES ('487', '55', '템퍼링로', '8', '2025-11-26 01:54:49.936', '2025-11-26 01:54:49.936');
INSERT INTO "TeamEquipments" ("id", "teamId", "equipmentName", "quantity", "createdAt", "updatedAt") VALUES ('488', '55', '세척조/피트로/유조로', '9', '2025-11-26 01:54:49.937', '2025-11-26 01:54:49.937');
INSERT INTO "TeamEquipments" ("id", "teamId", "equipmentName", "quantity", "createdAt", "updatedAt") VALUES ('489', '55', '열처리/올케이스로', '3', '2025-11-26 01:54:49.939', '2025-11-26 01:54:49.939');
INSERT INTO "TeamEquipments" ("id", "teamId", "equipmentName", "quantity", "createdAt", "updatedAt") VALUES ('490', '55', '위험물/가스저장소', '1', '2025-11-26 01:54:49.941', '2025-11-26 01:54:49.941');
INSERT INTO "TeamEquipments" ("id", "teamId", "equipmentName", "quantity", "createdAt", "updatedAt") VALUES ('491', '55', '소화전/소화기', '1', '2025-11-26 01:54:49.942', '2025-11-26 01:54:49.942');
INSERT INTO "TeamEquipments" ("id", "teamId", "equipmentName", "quantity", "createdAt", "updatedAt") VALUES ('492', '55', '걸이구', '1', '2025-11-26 01:54:49.944', '2025-11-26 01:54:49.944');
INSERT INTO "TeamEquipments" ("id", "teamId", "equipmentName", "quantity", "createdAt", "updatedAt") VALUES ('493', '55', '공기압축기', '2', '2025-11-26 01:54:49.945', '2025-11-26 01:54:49.945');
INSERT INTO "TeamEquipments" ("id", "teamId", "equipmentName", "quantity", "createdAt", "updatedAt") VALUES ('494', '56', '지게차', '2', '2025-11-26 01:54:49.947', '2025-11-26 01:54:49.947');
INSERT INTO "TeamEquipments" ("id", "teamId", "equipmentName", "quantity", "createdAt", "updatedAt") VALUES ('495', '56', '밧데리충전기', '1', '2025-11-26 01:54:49.949', '2025-11-26 01:54:49.949');
INSERT INTO "TeamEquipments" ("id", "teamId", "equipmentName", "quantity", "createdAt", "updatedAt") VALUES ('496', '56', '위험물/가스저장소', '1', '2025-11-26 01:54:49.951', '2025-11-26 01:54:49.951');
INSERT INTO "TeamEquipments" ("id", "teamId", "equipmentName", "quantity", "createdAt", "updatedAt") VALUES ('497', '56', '소화전/소화기', '1', '2025-11-26 01:54:49.952', '2025-11-26 01:54:49.952');
INSERT INTO "TeamEquipments" ("id", "teamId", "equipmentName", "quantity", "createdAt", "updatedAt") VALUES ('498', '56', '공기압축기', '1', '2025-11-26 01:54:49.954', '2025-11-26 01:54:49.954');
INSERT INTO "TeamEquipments" ("id", "teamId", "equipmentName", "quantity", "createdAt", "updatedAt") VALUES ('499', '30', '지게차', '1', '2025-11-26 01:54:49.955', '2025-11-26 01:54:49.955');
INSERT INTO "TeamEquipments" ("id", "teamId", "equipmentName", "quantity", "createdAt", "updatedAt") VALUES ('500', '30', '크레인', '8', '2025-11-26 01:54:49.957', '2025-11-26 01:54:49.957');
INSERT INTO "TeamEquipments" ("id", "teamId", "equipmentName", "quantity", "createdAt", "updatedAt") VALUES ('501', '30', '시편절단기', '1', '2025-11-26 01:54:49.958', '2025-11-26 01:54:49.958');
INSERT INTO "TeamEquipments" ("id", "teamId", "equipmentName", "quantity", "createdAt", "updatedAt") VALUES ('502', '30', '전동드릴/타카', '1', '2025-11-26 01:54:49.96', '2025-11-26 01:54:49.96');
INSERT INTO "TeamEquipments" ("id", "teamId", "equipmentName", "quantity", "createdAt", "updatedAt") VALUES ('503', '30', '산소절단기', '1', '2025-11-26 01:54:49.961', '2025-11-26 01:54:49.961');
INSERT INTO "TeamEquipments" ("id", "teamId", "equipmentName", "quantity", "createdAt", "updatedAt") VALUES ('504', '30', '위험물/가스저장소', '1', '2025-11-26 01:54:49.963', '2025-11-26 01:54:49.963');
INSERT INTO "TeamEquipments" ("id", "teamId", "equipmentName", "quantity", "createdAt", "updatedAt") VALUES ('505', '30', '소화전/소화기', '1', '2025-11-26 01:54:49.965', '2025-11-26 01:54:49.965');
INSERT INTO "TeamEquipments" ("id", "teamId", "equipmentName", "quantity", "createdAt", "updatedAt") VALUES ('506', '30', '분배전반', '1', '2025-11-26 01:54:49.967', '2025-11-26 01:54:49.967');
INSERT INTO "TeamEquipments" ("id", "teamId", "equipmentName", "quantity", "createdAt", "updatedAt") VALUES ('507', '30', '공기압축기', '1', '2025-11-26 01:54:49.968', '2025-11-26 01:54:49.968');
INSERT INTO "TeamEquipments" ("id", "teamId", "equipmentName", "quantity", "createdAt", "updatedAt") VALUES ('508', '35', '지게차', '1', '2025-11-26 01:54:49.97', '2025-11-26 01:54:49.97');
INSERT INTO "TeamEquipments" ("id", "teamId", "equipmentName", "quantity", "createdAt", "updatedAt") VALUES ('509', '35', '크레인', '4', '2025-11-26 01:54:49.972', '2025-11-26 01:54:49.972');
INSERT INTO "TeamEquipments" ("id", "teamId", "equipmentName", "quantity", "createdAt", "updatedAt") VALUES ('510', '35', '위험물/가스저장소', '1', '2025-11-26 01:54:49.973', '2025-11-26 01:54:49.973');
INSERT INTO "TeamEquipments" ("id", "teamId", "equipmentName", "quantity", "createdAt", "updatedAt") VALUES ('511', '35', '소화전/소화기', '1', '2025-11-26 01:54:49.975', '2025-11-26 01:54:49.975');
INSERT INTO "TeamEquipments" ("id", "teamId", "equipmentName", "quantity", "createdAt", "updatedAt") VALUES ('512', '35', '공기압축기', '1', '2025-11-26 01:54:49.976', '2025-11-26 01:54:49.976');
INSERT INTO "TeamEquipments" ("id", "teamId", "equipmentName", "quantity", "createdAt", "updatedAt") VALUES ('513', '27', '지게차', '2', '2025-11-26 01:54:49.978', '2025-11-26 01:54:49.978');
INSERT INTO "TeamEquipments" ("id", "teamId", "equipmentName", "quantity", "createdAt", "updatedAt") VALUES ('514', '27', '크레인', '2', '2025-11-26 01:54:49.979', '2025-11-26 01:54:49.979');
INSERT INTO "TeamEquipments" ("id", "teamId", "equipmentName", "quantity", "createdAt", "updatedAt") VALUES ('515', '27', '전동드릴/타카', '1', '2025-11-26 01:54:49.981', '2025-11-26 01:54:49.981');
INSERT INTO "TeamEquipments" ("id", "teamId", "equipmentName", "quantity", "createdAt", "updatedAt") VALUES ('516', '27', '둥근톱', '1', '2025-11-26 01:54:49.982', '2025-11-26 01:54:49.982');
INSERT INTO "TeamEquipments" ("id", "teamId", "equipmentName", "quantity", "createdAt", "updatedAt") VALUES ('517', '27', '위험물/가스저장소', '1', '2025-11-26 01:54:49.984', '2025-11-26 01:54:49.984');
INSERT INTO "TeamEquipments" ("id", "teamId", "equipmentName", "quantity", "createdAt", "updatedAt") VALUES ('518', '27', '소화전/소화기', '1', '2025-11-26 01:54:49.985', '2025-11-26 01:54:49.985');
INSERT INTO "TeamEquipments" ("id", "teamId", "equipmentName", "quantity", "createdAt", "updatedAt") VALUES ('519', '27', '공기압축기', '1', '2025-11-26 01:54:49.987', '2025-11-26 01:54:49.987');
INSERT INTO "TeamEquipments" ("id", "teamId", "equipmentName", "quantity", "createdAt", "updatedAt") VALUES ('520', '28', '지게차', '3', '2025-11-26 01:54:49.988', '2025-11-26 01:54:49.988');
INSERT INTO "TeamEquipments" ("id", "teamId", "equipmentName", "quantity", "createdAt", "updatedAt") VALUES ('521', '28', '크레인', '4', '2025-11-26 01:54:49.99', '2025-11-26 01:54:49.99');
INSERT INTO "TeamEquipments" ("id", "teamId", "equipmentName", "quantity", "createdAt", "updatedAt") VALUES ('522', '28', '위험물/가스저장소', '1', '2025-11-26 01:54:49.991', '2025-11-26 01:54:49.991');
INSERT INTO "TeamEquipments" ("id", "teamId", "equipmentName", "quantity", "createdAt", "updatedAt") VALUES ('523', '28', '소화전/소화기', '1', '2025-11-26 01:54:49.993', '2025-11-26 01:54:49.993');
INSERT INTO "TeamEquipments" ("id", "teamId", "equipmentName", "quantity", "createdAt", "updatedAt") VALUES ('524', '28', '분배전반', '1', '2025-11-26 01:54:49.995', '2025-11-26 01:54:49.995');
INSERT INTO "TeamEquipments" ("id", "teamId", "equipmentName", "quantity", "createdAt", "updatedAt") VALUES ('525', '28', '걸이구', '1', '2025-11-26 01:54:49.996', '2025-11-26 01:54:49.996');
INSERT INTO "TeamEquipments" ("id", "teamId", "equipmentName", "quantity", "createdAt", "updatedAt") VALUES ('526', '28', '공기압축기', '1', '2025-11-26 01:54:49.998', '2025-11-26 01:54:49.998');
INSERT INTO "TeamEquipments" ("id", "teamId", "equipmentName", "quantity", "createdAt", "updatedAt") VALUES ('527', '61', '지게차', '3', '2025-11-26 01:54:50', '2025-11-26 01:54:50');
INSERT INTO "TeamEquipments" ("id", "teamId", "equipmentName", "quantity", "createdAt", "updatedAt") VALUES ('528', '61', '크레인', '7', '2025-11-26 01:54:50.001', '2025-11-26 01:54:50.001');
INSERT INTO "TeamEquipments" ("id", "teamId", "equipmentName", "quantity", "createdAt", "updatedAt") VALUES ('529', '61', '세척기', '1', '2025-11-26 01:54:50.003', '2025-11-26 01:54:50.003');
INSERT INTO "TeamEquipments" ("id", "teamId", "equipmentName", "quantity", "createdAt", "updatedAt") VALUES ('530', '61', '도장장/건조로', '3', '2025-11-26 01:54:50.004', '2025-11-26 01:54:50.004');
INSERT INTO "TeamEquipments" ("id", "teamId", "equipmentName", "quantity", "createdAt", "updatedAt") VALUES ('531', '61', '템퍼링로', '2', '2025-11-26 01:54:50.006', '2025-11-26 01:54:50.006');
INSERT INTO "TeamEquipments" ("id", "teamId", "equipmentName", "quantity", "createdAt", "updatedAt") VALUES ('532', '61', '탁상용연삭기', '7', '2025-11-26 01:54:50.008', '2025-11-26 01:54:50.008');
INSERT INTO "TeamEquipments" ("id", "teamId", "equipmentName", "quantity", "createdAt", "updatedAt") VALUES ('533', '61', '고속절단기', '1', '2025-11-26 01:54:50.01', '2025-11-26 01:54:50.01');
INSERT INTO "TeamEquipments" ("id", "teamId", "equipmentName", "quantity", "createdAt", "updatedAt") VALUES ('534', '61', '핸드그라인더', '1', '2025-11-26 01:54:50.011', '2025-11-26 01:54:50.011');
INSERT INTO "TeamEquipments" ("id", "teamId", "equipmentName", "quantity", "createdAt", "updatedAt") VALUES ('535', '61', '둥근톱', '1', '2025-11-26 01:54:50.012', '2025-11-26 01:54:50.012');
INSERT INTO "TeamEquipments" ("id", "teamId", "equipmentName", "quantity", "createdAt", "updatedAt") VALUES ('536', '61', '위험물/가스저장소', '1', '2025-11-26 01:54:50.014', '2025-11-26 01:54:50.014');
INSERT INTO "TeamEquipments" ("id", "teamId", "equipmentName", "quantity", "createdAt", "updatedAt") VALUES ('537', '61', '소화전/소화기', '1', '2025-11-26 01:54:50.015', '2025-11-26 01:54:50.015');
INSERT INTO "TeamEquipments" ("id", "teamId", "equipmentName", "quantity", "createdAt", "updatedAt") VALUES ('538', '61', '분배전반', '1', '2025-11-26 01:54:50.017', '2025-11-26 01:54:50.017');
INSERT INTO "TeamEquipments" ("id", "teamId", "equipmentName", "quantity", "createdAt", "updatedAt") VALUES ('539', '61', '걸이구', '1', '2025-11-26 01:54:50.018', '2025-11-26 01:54:50.018');
INSERT INTO "TeamEquipments" ("id", "teamId", "equipmentName", "quantity", "createdAt", "updatedAt") VALUES ('540', '61', '압력용기', '2', '2025-11-26 01:54:50.02', '2025-11-26 01:54:50.02');
INSERT INTO "TeamEquipments" ("id", "teamId", "equipmentName", "quantity", "createdAt", "updatedAt") VALUES ('541', '61', '가스분배기/쇼트기', '2', '2025-11-26 01:54:50.021', '2025-11-26 01:54:50.021');
INSERT INTO "TeamEquipments" ("id", "teamId", "equipmentName", "quantity", "createdAt", "updatedAt") VALUES ('548', '54', '작업대/발판', '1', '2025-12-11 02:19:23.84', '2025-12-11 02:19:23.84');
INSERT INTO "TeamEquipments" ("id", "teamId", "equipmentName", "quantity", "createdAt", "updatedAt") VALUES ('549', '30', '작업대/발판', '1', '2025-12-11 02:27:28.555', '2025-12-11 02:27:28.555');
INSERT INTO "TeamMembers" ("id", "teamId", "userId", "name", "position", "isActive", "createdAt", "updatedAt") VALUES ('1', '50', NULL, '이강희', NULL, 't', '2025-12-17 07:42:23.796', '2025-12-17 07:42:23.796');
INSERT INTO "TeamMembers" ("id", "teamId", "userId", "name", "position", "isActive", "createdAt", "updatedAt") VALUES ('2', '50', NULL, '박진수', NULL, 't', '2025-12-17 07:42:23.953', '2025-12-17 07:42:23.953');
INSERT INTO "TeamMembers" ("id", "teamId", "userId", "name", "position", "isActive", "createdAt", "updatedAt") VALUES ('3', '50', NULL, '김상균', NULL, 't', '2025-12-17 07:42:24.03', '2025-12-17 07:42:24.03');
INSERT INTO "TeamMembers" ("id", "teamId", "userId", "name", "position", "isActive", "createdAt", "updatedAt") VALUES ('4', '50', NULL, '백건열', NULL, 't', '2025-12-17 07:42:24.106', '2025-12-17 07:42:24.106');
INSERT INTO "TeamMembers" ("id", "teamId", "userId", "name", "position", "isActive", "createdAt", "updatedAt") VALUES ('5', '50', NULL, '김갑태', NULL, 't', '2025-12-17 07:42:24.182', '2025-12-17 07:42:24.182');
INSERT INTO "TeamMembers" ("id", "teamId", "userId", "name", "position", "isActive", "createdAt", "updatedAt") VALUES ('6', '51', NULL, '김동원', NULL, 't', '2025-12-17 07:42:24.333', '2025-12-17 07:42:24.333');
INSERT INTO "TeamMembers" ("id", "teamId", "userId", "name", "position", "isActive", "createdAt", "updatedAt") VALUES ('7', '51', NULL, '하명남', NULL, 't', '2025-12-17 07:42:24.41', '2025-12-17 07:42:24.41');
INSERT INTO "TeamMembers" ("id", "teamId", "userId", "name", "position", "isActive", "createdAt", "updatedAt") VALUES ('8', '51', NULL, '강석철', NULL, 't', '2025-12-17 07:42:24.486', '2025-12-17 07:42:24.486');
INSERT INTO "TeamMembers" ("id", "teamId", "userId", "name", "position", "isActive", "createdAt", "updatedAt") VALUES ('9', '51', NULL, '서정원', NULL, 't', '2025-12-17 07:42:24.562', '2025-12-17 07:42:24.562');
INSERT INTO "TeamMembers" ("id", "teamId", "userId", "name", "position", "isActive", "createdAt", "updatedAt") VALUES ('10', '51', NULL, '이순금', NULL, 't', '2025-12-17 07:42:24.637', '2025-12-17 07:42:24.637');
INSERT INTO "TeamMembers" ("id", "teamId", "userId", "name", "position", "isActive", "createdAt", "updatedAt") VALUES ('11', '52', NULL, '최원기', NULL, 't', '2025-12-17 07:42:24.788', '2025-12-17 07:42:24.788');
INSERT INTO "TeamMembers" ("id", "teamId", "userId", "name", "position", "isActive", "createdAt", "updatedAt") VALUES ('12', '52', NULL, '김성진', NULL, 't', '2025-12-17 07:42:24.864', '2025-12-17 07:42:24.864');
INSERT INTO "TeamMembers" ("id", "teamId", "userId", "name", "position", "isActive", "createdAt", "updatedAt") VALUES ('13', '52', NULL, '허명', NULL, 't', '2025-12-17 07:42:24.939', '2025-12-17 07:42:24.939');
INSERT INTO "TeamMembers" ("id", "teamId", "userId", "name", "position", "isActive", "createdAt", "updatedAt") VALUES ('14', '52', NULL, '김승현', NULL, 't', '2025-12-17 07:42:25.015', '2025-12-17 07:42:25.015');
INSERT INTO "TeamMembers" ("id", "teamId", "userId", "name", "position", "isActive", "createdAt", "updatedAt") VALUES ('15', '52', NULL, '정희영', NULL, 't', '2025-12-17 07:42:25.091', '2025-12-17 07:42:25.091');
INSERT INTO "TeamMembers" ("id", "teamId", "userId", "name", "position", "isActive", "createdAt", "updatedAt") VALUES ('16', '52', NULL, '원정환', NULL, 't', '2025-12-17 07:42:25.167', '2025-12-17 07:42:25.167');
INSERT INTO "TeamMembers" ("id", "teamId", "userId", "name", "position", "isActive", "createdAt", "updatedAt") VALUES ('17', '53', NULL, '박철호', NULL, 't', '2025-12-17 07:42:25.316', '2025-12-17 07:42:25.316');
INSERT INTO "TeamMembers" ("id", "teamId", "userId", "name", "position", "isActive", "createdAt", "updatedAt") VALUES ('18', '53', NULL, '권오석', NULL, 't', '2025-12-17 07:42:25.392', '2025-12-17 07:42:25.392');
INSERT INTO "TeamMembers" ("id", "teamId", "userId", "name", "position", "isActive", "createdAt", "updatedAt") VALUES ('19', '53', NULL, '김남균', NULL, 't', '2025-12-17 07:42:25.468', '2025-12-17 07:42:25.468');
INSERT INTO "TeamMembers" ("id", "teamId", "userId", "name", "position", "isActive", "createdAt", "updatedAt") VALUES ('20', '53', NULL, '최장수', NULL, 't', '2025-12-17 07:42:25.544', '2025-12-17 07:42:25.544');
INSERT INTO "TeamMembers" ("id", "teamId", "userId", "name", "position", "isActive", "createdAt", "updatedAt") VALUES ('21', '53', NULL, '안상국', NULL, 't', '2025-12-17 07:42:25.628', '2025-12-17 07:42:25.628');
INSERT INTO "TeamMembers" ("id", "teamId", "userId", "name", "position", "isActive", "createdAt", "updatedAt") VALUES ('22', '55', NULL, '이상현', NULL, 't', '2025-12-17 07:42:25.778', '2025-12-17 07:42:25.778');
INSERT INTO "TeamMembers" ("id", "teamId", "userId", "name", "position", "isActive", "createdAt", "updatedAt") VALUES ('23', '55', NULL, '이덕표', NULL, 't', '2025-12-17 07:42:25.854', '2025-12-17 07:42:25.854');
INSERT INTO "TeamMembers" ("id", "teamId", "userId", "name", "position", "isActive", "createdAt", "updatedAt") VALUES ('24', '55', NULL, '유자현', NULL, 't', '2025-12-17 07:42:25.93', '2025-12-17 07:42:25.93');
INSERT INTO "TeamMembers" ("id", "teamId", "userId", "name", "position", "isActive", "createdAt", "updatedAt") VALUES ('25', '55', NULL, '안태영', NULL, 't', '2025-12-17 07:42:26.006', '2025-12-17 07:42:26.006');
INSERT INTO "TeamMembers" ("id", "teamId", "userId", "name", "position", "isActive", "createdAt", "updatedAt") VALUES ('26', '55', NULL, '심윤근', NULL, 't', '2025-12-17 07:42:26.085', '2025-12-17 07:42:26.085');
INSERT INTO "TeamMembers" ("id", "teamId", "userId", "name", "position", "isActive", "createdAt", "updatedAt") VALUES ('27', '27', NULL, '김지홍', NULL, 't', '2025-12-17 07:42:26.235', '2025-12-17 07:42:26.235');
INSERT INTO "TeamMembers" ("id", "teamId", "userId", "name", "position", "isActive", "createdAt", "updatedAt") VALUES ('28', '28', NULL, '박명호', NULL, 't', '2025-12-17 07:42:26.385', '2025-12-17 07:42:26.385');
INSERT INTO "TeamMembers" ("id", "teamId", "userId", "name", "position", "isActive", "createdAt", "updatedAt") VALUES ('29', '28', NULL, '황공식', NULL, 't', '2025-12-17 07:42:26.461', '2025-12-17 07:42:26.461');
INSERT INTO "TeamMembers" ("id", "teamId", "userId", "name", "position", "isActive", "createdAt", "updatedAt") VALUES ('30', '28', NULL, '남광호', NULL, 't', '2025-12-17 07:42:26.537', '2025-12-17 07:42:26.537');
INSERT INTO "TeamMembers" ("id", "teamId", "userId", "name", "position", "isActive", "createdAt", "updatedAt") VALUES ('31', '28', NULL, '박찬기', NULL, 't', '2025-12-17 07:42:26.613', '2025-12-17 07:42:26.613');
INSERT INTO "TeamMembers" ("id", "teamId", "userId", "name", "position", "isActive", "createdAt", "updatedAt") VALUES ('32', '28', NULL, '김수현', NULL, 't', '2025-12-17 07:42:26.689', '2025-12-17 07:42:26.689');
INSERT INTO "TeamMembers" ("id", "teamId", "userId", "name", "position", "isActive", "createdAt", "updatedAt") VALUES ('33', '28', NULL, '이강희', NULL, 't', '2025-12-17 07:42:26.766', '2025-12-17 07:42:26.766');
INSERT INTO "TeamMembers" ("id", "teamId", "userId", "name", "position", "isActive", "createdAt", "updatedAt") VALUES ('34', '61', NULL, '홍은희', NULL, 't', '2025-12-17 07:42:26.916', '2025-12-17 07:42:26.916');
INSERT INTO "TeamMembers" ("id", "teamId", "userId", "name", "position", "isActive", "createdAt", "updatedAt") VALUES ('35', '61', NULL, '서경우', NULL, 't', '2025-12-17 07:42:26.992', '2025-12-17 07:42:26.992');
INSERT INTO "TeamMembers" ("id", "teamId", "userId", "name", "position", "isActive", "createdAt", "updatedAt") VALUES ('36', '61', NULL, '장종성', NULL, 't', '2025-12-17 07:42:27.068', '2025-12-17 07:42:27.068');
INSERT INTO "TeamMembers" ("id", "teamId", "userId", "name", "position", "isActive", "createdAt", "updatedAt") VALUES ('37', '30', NULL, '이덕희', NULL, 't', '2025-12-17 07:42:27.217', '2025-12-17 07:42:27.217');
INSERT INTO "TeamMembers" ("id", "teamId", "userId", "name", "position", "isActive", "createdAt", "updatedAt") VALUES ('38', '30', NULL, '이효문', NULL, 't', '2025-12-17 07:42:27.293', '2025-12-17 07:42:27.293');
INSERT INTO "TeamMembers" ("id", "teamId", "userId", "name", "position", "isActive", "createdAt", "updatedAt") VALUES ('39', '30', NULL, '김은옥', NULL, 't', '2025-12-17 07:42:27.368', '2025-12-17 07:42:27.368');
INSERT INTO "TeamMembers" ("id", "teamId", "userId", "name", "position", "isActive", "createdAt", "updatedAt") VALUES ('40', '30', NULL, '김영봉', NULL, 't', '2025-12-17 07:42:27.444', '2025-12-17 07:42:27.444');
INSERT INTO "TeamMembers" ("id", "teamId", "userId", "name", "position", "isActive", "createdAt", "updatedAt") VALUES ('41', '30', NULL, '신태섭', NULL, 't', '2025-12-17 07:42:27.52', '2025-12-17 07:42:27.52');
INSERT INTO "TeamMembers" ("id", "teamId", "userId", "name", "position", "isActive", "createdAt", "updatedAt") VALUES ('42', '54', NULL, '이부열', NULL, 't', '2025-12-17 07:42:27.67', '2025-12-17 07:42:27.67');
INSERT INTO "TeamMembers" ("id", "teamId", "userId", "name", "position", "isActive", "createdAt", "updatedAt") VALUES ('43', '54', NULL, '김준철', NULL, 't', '2025-12-17 07:42:27.746', '2025-12-17 07:42:27.746');
INSERT INTO "TeamMembers" ("id", "teamId", "userId", "name", "position", "isActive", "createdAt", "updatedAt") VALUES ('44', '54', NULL, '신동현', NULL, 't', '2025-12-17 07:42:27.822', '2025-12-17 07:42:27.822');
INSERT INTO "TeamMembers" ("id", "teamId", "userId", "name", "position", "isActive", "createdAt", "updatedAt") VALUES ('45', '54', NULL, '김상현', NULL, 't', '2025-12-17 07:42:27.898', '2025-12-17 07:42:27.898');
INSERT INTO "TeamMembers" ("id", "teamId", "userId", "name", "position", "isActive", "createdAt", "updatedAt") VALUES ('46', '54', NULL, '권태범', NULL, 't', '2025-12-17 07:42:27.974', '2025-12-17 07:42:27.974');
INSERT INTO "TeamMembers" ("id", "teamId", "userId", "name", "position", "isActive", "createdAt", "updatedAt") VALUES ('47', '54', NULL, '전구', NULL, 't', '2025-12-17 07:42:28.05', '2025-12-17 07:42:28.05');
INSERT INTO "TeamMembers" ("id", "teamId", "userId", "name", "position", "isActive", "createdAt", "updatedAt") VALUES ('48', '54', NULL, '윤관호', NULL, 't', '2025-12-17 07:42:28.126', '2025-12-17 07:42:28.126');
INSERT INTO "TeamMembers" ("id", "teamId", "userId", "name", "position", "isActive", "createdAt", "updatedAt") VALUES ('49', '54', NULL, '마지환', NULL, 't', '2025-12-17 07:42:28.202', '2025-12-17 07:42:28.202');
INSERT INTO "TeamMembers" ("id", "teamId", "userId", "name", "position", "isActive", "createdAt", "updatedAt") VALUES ('50', '54', NULL, '김혁', NULL, 't', '2025-12-17 07:42:28.278', '2025-12-17 07:42:28.278');
INSERT INTO "TeamMembers" ("id", "teamId", "userId", "name", "position", "isActive", "createdAt", "updatedAt") VALUES ('51', '54', NULL, '정승혁', NULL, 't', '2025-12-17 07:42:28.354', '2025-12-17 07:42:28.354');
INSERT INTO "TeamMembers" ("id", "teamId", "userId", "name", "position", "isActive", "createdAt", "updatedAt") VALUES ('52', '35', NULL, '조성진', NULL, 't', '2025-12-17 07:42:28.504', '2025-12-17 07:42:28.504');
INSERT INTO "TeamMembers" ("id", "teamId", "userId", "name", "position", "isActive", "createdAt", "updatedAt") VALUES ('53', '35', NULL, '신민섭', NULL, 't', '2025-12-17 07:42:28.58', '2025-12-17 07:42:28.58');
INSERT INTO "TeamMembers" ("id", "teamId", "userId", "name", "position", "isActive", "createdAt", "updatedAt") VALUES ('54', '56', NULL, '천광석', NULL, 't', '2025-12-17 07:42:28.73', '2025-12-17 07:42:28.73');
INSERT INTO "Teams" ("id", "name", "site", "factoryId", "leaderId", "approverId") VALUES ('3', '가공라인', '아산', '1', 'b3fcfd1d-bd53-4948-8c4f-bc7f10b5b90e', '68c383db-7a1a-4533-a9f4-fe24cc533a3f');
INSERT INTO "Teams" ("id", "name", "site", "factoryId", "leaderId", "approverId") VALUES ('48', '고객지원팀', '아산', '1', 'da97e549-6822-4935-943c-8f01865f6893', 'da97e549-6822-4935-943c-8f01865f6893');
INSERT INTO "Teams" ("id", "name", "site", "factoryId", "leaderId", "approverId") VALUES ('49', '부품팀', '아산', '1', NULL, '68c383db-7a1a-4533-a9f4-fe24cc533a3f');
INSERT INTO "Teams" ("id", "name", "site", "factoryId", "leaderId", "approverId") VALUES ('1', '조립 전기라인', '아산', NULL, NULL, NULL);
INSERT INTO "Teams" ("id", "name", "site", "factoryId", "leaderId", "approverId") VALUES ('5', '지재/부품/출하', '아산', NULL, NULL, NULL);
INSERT INTO "Teams" ("id", "name", "site", "factoryId", "leaderId", "approverId") VALUES ('7', '품질', '아산', NULL, NULL, NULL);
INSERT INTO "Teams" ("id", "name", "site", "factoryId", "leaderId", "approverId") VALUES ('8', '인사총무팀', '아산', NULL, NULL, NULL);
INSERT INTO "Teams" ("id", "name", "site", "factoryId", "leaderId", "approverId") VALUES ('6', '서비스', '아산', NULL, NULL, NULL);
INSERT INTO "Teams" ("id", "name", "site", "factoryId", "leaderId", "approverId") VALUES ('9', '생산기술팀', '아산', NULL, NULL, NULL);
INSERT INTO "Teams" ("id", "name", "site", "factoryId", "leaderId", "approverId") VALUES ('39', '조립 1라인', '아산', '1', NULL, NULL);
INSERT INTO "Teams" ("id", "name", "site", "factoryId", "leaderId", "approverId") VALUES ('40', '조립 2라인', '아산', '1', NULL, NULL);
INSERT INTO "Teams" ("id", "name", "site", "factoryId", "leaderId", "approverId") VALUES ('41', '조립 3라인', '아산', '1', NULL, NULL);
INSERT INTO "Teams" ("id", "name", "site", "factoryId", "leaderId", "approverId") VALUES ('42', '전기라인', '아산', '1', NULL, NULL);
INSERT INTO "Teams" ("id", "name", "site", "factoryId", "leaderId", "approverId") VALUES ('45', '자재팀', '아산', '1', NULL, NULL);
INSERT INTO "Teams" ("id", "name", "site", "factoryId", "leaderId", "approverId") VALUES ('61', '2공장', '화성', '2', '8ac655f0-94ef-4fbf-aa3b-c20527d43600', '8d066e98-9d5f-4990-b1e4-c2f3174d999b');
INSERT INTO "Teams" ("id", "name", "site", "factoryId", "leaderId", "approverId") VALUES ('53', 'BKT', '화성', '2', '1f5eb43c-48c3-4b80-864d-457a3fa1f345', '8ac655f0-94ef-4fbf-aa3b-c20527d43600');
INSERT INTO "Teams" ("id", "name", "site", "factoryId", "leaderId", "approverId") VALUES ('64', 'BR개발', '화성', NULL, 'd557afbf-1e2b-4c70-a524-ce28e5452870', '8ac655f0-94ef-4fbf-aa3b-c20527d43600');
INSERT INTO "Teams" ("id", "name", "site", "factoryId", "leaderId", "approverId") VALUES ('62', 'BR생산관리', '화성', NULL, '5a9887dc-a03c-4f25-91b4-569c4cf0bde6', '8ac655f0-94ef-4fbf-aa3b-c20527d43600');
INSERT INTO "Teams" ("id", "name", "site", "factoryId", "leaderId", "approverId") VALUES ('63', 'BR총괄', '화성', NULL, '8e8c7799-5abb-4b6c-9917-124ee1f58b35', '8ac655f0-94ef-4fbf-aa3b-c20527d43600');
INSERT INTO "Teams" ("id", "name", "site", "factoryId", "leaderId", "approverId") VALUES ('27', 'BR출하', '화성', '2', 'c41af558-886e-43ae-be4f-084b4a923e7a', '8ac655f0-94ef-4fbf-aa3b-c20527d43600');
INSERT INTO "Teams" ("id", "name", "site", "factoryId", "leaderId", "approverId") VALUES ('2', '제관라인', '아산', '1', NULL, NULL);
INSERT INTO "Teams" ("id", "name", "site", "factoryId", "leaderId", "approverId") VALUES ('65', 'CR생산관리', '화성', NULL, 'cfb762c2-0e74-4904-abb1-f0caa876b2bc', '8ac655f0-94ef-4fbf-aa3b-c20527d43600');
INSERT INTO "Teams" ("id", "name", "site", "factoryId", "leaderId", "approverId") VALUES ('56', 'CR자재', '화성', '2', '9d197fee-b578-4f22-844e-975d8bbf8ee4', '8ac655f0-94ef-4fbf-aa3b-c20527d43600');
INSERT INTO "Teams" ("id", "name", "site", "factoryId", "leaderId", "approverId") VALUES ('4', '연구소', '아산', '1', 'a9f8117e-5932-4e47-9000-c60075b4a802', NULL);
INSERT INTO "Teams" ("id", "name", "site", "factoryId", "leaderId", "approverId") VALUES ('46', '품질관리팀', '아산', '1', '157a151a-d2b9-4757-b283-0f947cb37c27', NULL);
INSERT INTO "Teams" ("id", "name", "site", "factoryId", "leaderId", "approverId") VALUES ('54', 'CR조립', '화성', '2', 'dfa36861-266e-4c27-acfb-031782595d3c', '8d066e98-9d5f-4990-b1e4-c2f3174d999b');
INSERT INTO "Teams" ("id", "name", "site", "factoryId", "leaderId", "approverId") VALUES ('35', 'CR출하', '화성', '2', 'fe90c9b3-42e3-4d0d-ba13-b50cc1008ac6', '8d066e98-9d5f-4990-b1e4-c2f3174d999b');
INSERT INTO "Teams" ("id", "name", "site", "factoryId", "leaderId", "approverId") VALUES ('52', 'M/B', '화성', '2', '810b5542-57da-4201-a54f-6d8d982ad64f', '810b5542-57da-4201-a54f-6d8d982ad64f');
INSERT INTO "Teams" ("id", "name", "site", "factoryId", "leaderId", "approverId") VALUES ('32', 'S/A개발', '화성', NULL, 'd87cbcec-fabb-4d30-8f17-4f2ab4903149', 'a9f8117e-5932-4e47-9000-c60075b4a802');
INSERT INTO "Teams" ("id", "name", "site", "factoryId", "leaderId", "approverId") VALUES ('50', '선삭', '화성', '2', 'df651c1a-63ba-417c-bc9b-67a1f990907b', 'a9f8117e-5932-4e47-9000-c60075b4a802');
INSERT INTO "Teams" ("id", "name", "site", "factoryId", "leaderId", "approverId") VALUES ('51', '연삭', '화성', '2', '4e8a1a12-1665-4350-89d6-efa4a58ca4c7', '4e8a1a12-1665-4350-89d6-efa4a58ca4c7');
INSERT INTO "Teams" ("id", "name", "site", "factoryId", "leaderId", "approverId") VALUES ('55', '열처리', '화성', '2', 'c4e6e42b-07e6-4d53-a57b-101a269c4dd5', '4e8a1a12-1665-4350-89d6-efa4a58ca4c7');
INSERT INTO "Teams" ("id", "name", "site", "factoryId", "leaderId", "approverId") VALUES ('38', '인사총무', '화성', NULL, 'ea6c90e9-a082-49e2-8874-fef5a55d05ad', '4e8a1a12-1665-4350-89d6-efa4a58ca4c7');
INSERT INTO "Teams" ("id", "name", "site", "factoryId", "leaderId", "approverId") VALUES ('28', '자재부품', '화성', '2', 'e608d7e1-481d-4786-ba72-1bc686d0591d', '4e8a1a12-1665-4350-89d6-efa4a58ca4c7');
INSERT INTO "Teams" ("id", "name", "site", "factoryId", "leaderId", "approverId") VALUES ('66', '품질관리', '화성', NULL, 'e9c75807-6df1-4805-96a9-550e8209c6da', '157a151a-d2b9-4757-b283-0f947cb37c27');
INSERT INTO "Teams" ("id", "name", "site", "factoryId", "leaderId", "approverId") VALUES ('30', '품질서비스', '화성', '2', 'e752fa2d-0242-42a0-b698-e3afb7a6279a', '18342aa9-0d2b-4a9d-a14f-aab8d28db6e9');
INSERT INTO "TemplateItems" ("id", "templateId", "category", "subCategory", "description", "displayOrder") VALUES ('2440', '97', 'TBM', '도입', '아침 조회 - 아침 체조 스트레칭', '10');
INSERT INTO "TemplateItems" ("id", "templateId", "category", "subCategory", "description", "displayOrder") VALUES ('2441', '97', 'TBM', '점검', '건강/복장/보호구 - 음주상태', '20');
INSERT INTO "TemplateItems" ("id", "templateId", "category", "subCategory", "description", "displayOrder") VALUES ('2442', '97', 'TBM', '점검', '건강/복장/보호구 - 건강상태', '30');
INSERT INTO "TemplateItems" ("id", "templateId", "category", "subCategory", "description", "displayOrder") VALUES ('2443', '97', 'TBM', '점검', '건강/복장/보호구 - 복장', '40');
INSERT INTO "TemplateItems" ("id", "templateId", "category", "subCategory", "description", "displayOrder") VALUES ('2444', '97', 'TBM', '점검', '건강/복장/보호구 - 보호구', '50');
INSERT INTO "TemplateItems" ("id", "templateId", "category", "subCategory", "description", "displayOrder") VALUES ('2445', '97', 'TBM', '지시', '작업내용 전파 - 생산회의', '60');
INSERT INTO "TemplateItems" ("id", "templateId", "category", "subCategory", "description", "displayOrder") VALUES ('2446', '97', 'TBM', '지시', '작업내용 전파 - 금일 안전작업 내용지시', '70');
INSERT INTO "TemplateItems" ("id", "templateId", "category", "subCategory", "description", "displayOrder") VALUES ('2447', '97', '위험평가 및 개선대책', '위험예지훈련', '각 팀원 최근 아차사고 사례 공유', '80');
INSERT INTO "TemplateItems" ("id", "templateId", "category", "subCategory", "description", "displayOrder") VALUES ('2448', '97', '위험평가 및 개선대책', '위험예지훈련', '작업장소 등 환경에 대한 위험', '90');
INSERT INTO "TemplateItems" ("id", "templateId", "category", "subCategory", "description", "displayOrder") VALUES ('2449', '97', '위험평가 및 개선대책', '위험예지훈련', '입고, 출고, 조립, 가공 등 공정 순서(작업방법)에 대한 위험', '100');
INSERT INTO "TemplateItems" ("id", "templateId", "category", "subCategory", "description", "displayOrder") VALUES ('2450', '97', '위험평가 및 개선대책', '위험예지훈련', '크레인, 리프트, 지게차 등 설비에 대한 위험', '110');
INSERT INTO "TemplateItems" ("id", "templateId", "category", "subCategory", "description", "displayOrder") VALUES ('2451', '97', '위험평가 및 개선대책', '위험예지훈련', '작업장 개구부, 고소작업 등에 대한 위험', '120');
INSERT INTO "TemplateItems" ("id", "templateId", "category", "subCategory", "description", "displayOrder") VALUES ('2452', '97', '위험평가 및 개선대책', '위험예지훈련', '그라인더, 인양달기구 등 사용하는 기구,도구에 대한 위험', '130');
INSERT INTO "TemplateItems" ("id", "templateId", "category", "subCategory", "description", "displayOrder") VALUES ('2453', '97', '위험평가 및 개선대책', '확인', '지적확인 - 중점 위험요인 선정 구호 제창 (중점도 높은 사항으로 선정)', '140');
INSERT INTO "TemplateItems" ("id", "templateId", "category", "subCategory", "description", "displayOrder") VALUES ('2454', '97', '관리감독자 일일안전점검', '공통', '사무실 및 작업장 정리정돈', '150');
INSERT INTO "TemplateItems" ("id", "templateId", "category", "subCategory", "description", "displayOrder") VALUES ('2455', '97', '관리감독자 일일안전점검', '공통', '현장 출입 시 안전보호구 착용 유무(안전모, 안전화 등)', '160');
INSERT INTO "TemplateItems" ("id", "templateId", "category", "subCategory", "description", "displayOrder") VALUES ('2456', '97', '관리감독자 일일안전점검', '공통', '종사자의 건강상태 이상유무', '170');
INSERT INTO "TemplateItems" ("id", "templateId", "category", "subCategory", "description", "displayOrder") VALUES ('2457', '97', '관리감독자 일일안전점검', '사무실안전', '파티션이나 그 밖에 넘어질 위험 여부', '180');
INSERT INTO "TemplateItems" ("id", "templateId", "category", "subCategory", "description", "displayOrder") VALUES ('2458', '97', '관리감독자 일일안전점검', '사무실안전', '끼이거나 부딪힐 수 있는 열린 서랍 등이 있는지 여부', '190');
INSERT INTO "TemplateItems" ("id", "templateId", "category", "subCategory", "description", "displayOrder") VALUES ('2459', '97', '관리감독자 일일안전점검', '위험작업조치', '고소작업시 안전모 착용, 안전고리 체결 유무', '200');
INSERT INTO "TemplateItems" ("id", "templateId", "category", "subCategory", "description", "displayOrder") VALUES ('2460', '97', '관리감독자 일일안전점검', '테스트작업', '돌가루 등 비산 위험이 있는곳에서 보안경 착용 여부', '210');
INSERT INTO "TemplateItems" ("id", "templateId", "category", "subCategory", "description", "displayOrder") VALUES ('2461', '97', '관리감독자 일일안전점검', '테스트작업', '작업자가 낙하물 범위 밖으로 있는지 여부', '220');
INSERT INTO "TemplateItems" ("id", "templateId", "category", "subCategory", "description", "displayOrder") VALUES ('2462', '97', '인원관리', '시작/종료', '작업시작 및 종료 시, 담당직원의 투입 시/퇴장 시 인원 점검', '230');
INSERT INTO "TemplateItems" ("id", "templateId", "category", "subCategory", "description", "displayOrder") VALUES ('2463', '98', 'TBM', '도입', '아침 조회 - 아침 체조 스트레칭', '10');
INSERT INTO "TemplateItems" ("id", "templateId", "category", "subCategory", "description", "displayOrder") VALUES ('2464', '98', 'TBM', '점검', '건강/복장/보호구 - 음주상태', '20');
INSERT INTO "TemplateItems" ("id", "templateId", "category", "subCategory", "description", "displayOrder") VALUES ('2465', '98', 'TBM', '점검', '건강/복장/보호구 - 건강상태', '30');
INSERT INTO "TemplateItems" ("id", "templateId", "category", "subCategory", "description", "displayOrder") VALUES ('2466', '98', 'TBM', '점검', '건강/복장/보호구 - 복장', '40');
INSERT INTO "TemplateItems" ("id", "templateId", "category", "subCategory", "description", "displayOrder") VALUES ('2467', '98', 'TBM', '점검', '건강/복장/보호구 - 보호구', '50');
INSERT INTO "TemplateItems" ("id", "templateId", "category", "subCategory", "description", "displayOrder") VALUES ('2468', '98', 'TBM', '지시', '작업내용 전파 - 생산회의', '60');
INSERT INTO "TemplateItems" ("id", "templateId", "category", "subCategory", "description", "displayOrder") VALUES ('2469', '98', 'TBM', '지시', '작업내용 전파 - 금일 안전작업 내용지시', '70');
INSERT INTO "TemplateItems" ("id", "templateId", "category", "subCategory", "description", "displayOrder") VALUES ('2470', '98', 'TBM', '교육', '사고사례 공유 - 타사 사고사례 및 아차 사고사례 공유', '80');
INSERT INTO "TemplateItems" ("id", "templateId", "category", "subCategory", "description", "displayOrder") VALUES ('2471', '98', '관리감독자 일일안전점검', '공통', '사무실 및 작업장 정리정돈', '90');
INSERT INTO "TemplateItems" ("id", "templateId", "category", "subCategory", "description", "displayOrder") VALUES ('2472', '98', '관리감독자 일일안전점검', '공통', '현장 출입 시 안전보호구 착용 유무(안전모, 안전화 등)', '100');
INSERT INTO "TemplateItems" ("id", "templateId", "category", "subCategory", "description", "displayOrder") VALUES ('2473', '98', '관리감독자 일일안전점검', '공통', '종사자의 건강상태 이상유무', '110');
INSERT INTO "TemplateItems" ("id", "templateId", "category", "subCategory", "description", "displayOrder") VALUES ('2474', '98', '관리감독자 일일안전점검', '공통', '담당직원 작업시 안전상태 확인', '120');
INSERT INTO "TemplateItems" ("id", "templateId", "category", "subCategory", "description", "displayOrder") VALUES ('2475', '98', '인원관리', '시작/종료', '작업시작 및 종료 시, 담당직원의 투입 시/퇴장 시 인원 점검', '130');
INSERT INTO "TemplateItems" ("id", "templateId", "category", "subCategory", "description", "displayOrder") VALUES ('2476', '99', 'TBM', '도입', '아침 조회 - 아침 체조 스트레칭', '10');
INSERT INTO "TemplateItems" ("id", "templateId", "category", "subCategory", "description", "displayOrder") VALUES ('2477', '99', 'TBM', '점검', '건강/복장/보호구 - 음주상태', '20');
INSERT INTO "TemplateItems" ("id", "templateId", "category", "subCategory", "description", "displayOrder") VALUES ('2478', '99', 'TBM', '점검', '건강/복장/보호구 - 건강상태', '30');
INSERT INTO "TemplateItems" ("id", "templateId", "category", "subCategory", "description", "displayOrder") VALUES ('2479', '99', 'TBM', '점검', '건강/복장/보호구 - 복장', '40');
INSERT INTO "TemplateItems" ("id", "templateId", "category", "subCategory", "description", "displayOrder") VALUES ('2480', '99', 'TBM', '점검', '건강/복장/보호구 - 보호구', '50');
INSERT INTO "TemplateItems" ("id", "templateId", "category", "subCategory", "description", "displayOrder") VALUES ('2481', '99', 'TBM', '지시', '작업내용 전파 - 생산회의', '60');
INSERT INTO "TemplateItems" ("id", "templateId", "category", "subCategory", "description", "displayOrder") VALUES ('2482', '99', 'TBM', '지시', '작업내용 전파 - 금일 안전작업 내용지시', '70');
INSERT INTO "TemplateItems" ("id", "templateId", "category", "subCategory", "description", "displayOrder") VALUES ('2483', '99', 'TBM', '교육', '사고사례 공유 - 타사 사고사례 및 아차 사고사례 공유', '80');
INSERT INTO "TemplateItems" ("id", "templateId", "category", "subCategory", "description", "displayOrder") VALUES ('2484', '99', '관리감독자 일일안전점검', '공통', '사무실 및 작업장 정리정돈', '90');
INSERT INTO "TemplateItems" ("id", "templateId", "category", "subCategory", "description", "displayOrder") VALUES ('2485', '99', '관리감독자 일일안전점검', '공통', '현장 출입 시 안전보호구 착용 유무(안전모, 안전화 등)', '100');
INSERT INTO "TemplateItems" ("id", "templateId", "category", "subCategory", "description", "displayOrder") VALUES ('2486', '99', '관리감독자 일일안전점검', '공통', '종사자의 건강상태 이상유무', '110');
INSERT INTO "TemplateItems" ("id", "templateId", "category", "subCategory", "description", "displayOrder") VALUES ('2487', '99', '관리감독자 일일안전점검', '공통', '담당직원 작업시 안전상태 확인', '120');
INSERT INTO "TemplateItems" ("id", "templateId", "category", "subCategory", "description", "displayOrder") VALUES ('2488', '99', '인원관리', '시작/종료', '작업시작 및 종료 시, 담당직원의 투입 시/퇴장 시 인원 점검', '130');
INSERT INTO "TemplateItems" ("id", "templateId", "category", "subCategory", "description", "displayOrder") VALUES ('2489', '100', 'TBM', '도입', '아침 조회 - 아침 체조 스트레칭', '10');
INSERT INTO "TemplateItems" ("id", "templateId", "category", "subCategory", "description", "displayOrder") VALUES ('2490', '100', 'TBM', '점검', '건강/복장/보호구 - 음주상태', '20');
INSERT INTO "TemplateItems" ("id", "templateId", "category", "subCategory", "description", "displayOrder") VALUES ('2491', '100', 'TBM', '점검', '건강/복장/보호구 - 건강상태', '30');
INSERT INTO "TemplateItems" ("id", "templateId", "category", "subCategory", "description", "displayOrder") VALUES ('2492', '100', 'TBM', '점검', '건강/복장/보호구 - 복장', '40');
INSERT INTO "TemplateItems" ("id", "templateId", "category", "subCategory", "description", "displayOrder") VALUES ('2493', '100', 'TBM', '점검', '건강/복장/보호구 - 보호구', '50');
INSERT INTO "TemplateItems" ("id", "templateId", "category", "subCategory", "description", "displayOrder") VALUES ('2494', '100', 'TBM', '지시', '작업내용 전파 - 생산회의', '60');
INSERT INTO "TemplateItems" ("id", "templateId", "category", "subCategory", "description", "displayOrder") VALUES ('2495', '100', 'TBM', '지시', '작업내용 전파 - 금일 안전작업 내용지시', '70');
INSERT INTO "TemplateItems" ("id", "templateId", "category", "subCategory", "description", "displayOrder") VALUES ('2496', '100', 'TBM', '교육', '사고사례 공유 - 타사 사고사례 및 아차 사고사례 공유', '80');
INSERT INTO "TemplateItems" ("id", "templateId", "category", "subCategory", "description", "displayOrder") VALUES ('2497', '100', '관리감독자 일일안전점검', '공통', '사무실 및 작업장 정리정돈', '90');
INSERT INTO "TemplateItems" ("id", "templateId", "category", "subCategory", "description", "displayOrder") VALUES ('2498', '100', '관리감독자 일일안전점검', '공통', '현장 출입 시 안전보호구 착용 유무(안전모, 안전화 등)', '100');
INSERT INTO "TemplateItems" ("id", "templateId", "category", "subCategory", "description", "displayOrder") VALUES ('2499', '100', '관리감독자 일일안전점검', '공통', '종사자의 건강상태 이상유무', '110');
INSERT INTO "TemplateItems" ("id", "templateId", "category", "subCategory", "description", "displayOrder") VALUES ('2500', '100', '관리감독자 일일안전점검', '공통', '담당직원 작업시 안전상태 확인', '120');
INSERT INTO "TemplateItems" ("id", "templateId", "category", "subCategory", "description", "displayOrder") VALUES ('2501', '100', '인원관리', '시작/종료', '작업시작 및 종료 시, 담당직원의 투입 시/퇴장 시 인원 점검', '130');
INSERT INTO "TemplateItems" ("id", "templateId", "category", "subCategory", "description", "displayOrder") VALUES ('2502', '101', 'TBM', '도입', '아침 조회 - 아침 체조 스트레칭', '10');
INSERT INTO "TemplateItems" ("id", "templateId", "category", "subCategory", "description", "displayOrder") VALUES ('2503', '101', 'TBM', '점검', '건강/복장/보호구 - 음주상태', '20');
INSERT INTO "TemplateItems" ("id", "templateId", "category", "subCategory", "description", "displayOrder") VALUES ('2504', '101', 'TBM', '점검', '건강/복장/보호구 - 건강상태', '30');
INSERT INTO "TemplateItems" ("id", "templateId", "category", "subCategory", "description", "displayOrder") VALUES ('2505', '101', 'TBM', '점검', '건강/복장/보호구 - 복장', '40');
INSERT INTO "TemplateItems" ("id", "templateId", "category", "subCategory", "description", "displayOrder") VALUES ('2506', '101', 'TBM', '점검', '건강/복장/보호구 - 보호구', '50');
INSERT INTO "TemplateItems" ("id", "templateId", "category", "subCategory", "description", "displayOrder") VALUES ('2507', '101', 'TBM', '지시', '작업내용 전파 - 생산회의', '60');
INSERT INTO "TemplateItems" ("id", "templateId", "category", "subCategory", "description", "displayOrder") VALUES ('2508', '101', 'TBM', '지시', '작업내용 전파 - 금일 안전작업 내용지시', '70');
INSERT INTO "TemplateItems" ("id", "templateId", "category", "subCategory", "description", "displayOrder") VALUES ('2509', '101', '위험평가 및 개선대책', '위험예지훈련', '각 팀원 최근 아차사고 사례 공유', '80');
INSERT INTO "TemplateItems" ("id", "templateId", "category", "subCategory", "description", "displayOrder") VALUES ('2510', '101', '위험평가 및 개선대책', '위험예지훈련', '작업장소 등 환경에 대한 위험', '90');
INSERT INTO "TemplateItems" ("id", "templateId", "category", "subCategory", "description", "displayOrder") VALUES ('2511', '101', '위험평가 및 개선대책', '위험예지훈련', '입고, 출고, 조립, 가공 등 공정 순서(작업방법)에 대한 위험', '100');
INSERT INTO "TemplateItems" ("id", "templateId", "category", "subCategory", "description", "displayOrder") VALUES ('1983', '80', 'TBM', '도입', '아침 조회 - 아침 체조 스트레칭', '10');
INSERT INTO "TemplateItems" ("id", "templateId", "category", "subCategory", "description", "displayOrder") VALUES ('1984', '80', 'TBM', '점검', '건강/복장/보호구 - 음주상태', '20');
INSERT INTO "TemplateItems" ("id", "templateId", "category", "subCategory", "description", "displayOrder") VALUES ('1985', '80', 'TBM', '점검', '건강/복장/보호구 - 건강상태', '30');
INSERT INTO "TemplateItems" ("id", "templateId", "category", "subCategory", "description", "displayOrder") VALUES ('1986', '80', 'TBM', '점검', '건강/복장/보호구 - 복장', '40');
INSERT INTO "TemplateItems" ("id", "templateId", "category", "subCategory", "description", "displayOrder") VALUES ('1987', '80', 'TBM', '점검', '건강/복장/보호구 - 보호구', '50');
INSERT INTO "TemplateItems" ("id", "templateId", "category", "subCategory", "description", "displayOrder") VALUES ('1988', '80', 'TBM', '지시', '작업내용 전파 - 생산회의', '60');
INSERT INTO "TemplateItems" ("id", "templateId", "category", "subCategory", "description", "displayOrder") VALUES ('1989', '80', 'TBM', '지시', '작업내용 전파 - 금일 안전작업 내용지시', '70');
INSERT INTO "TemplateItems" ("id", "templateId", "category", "subCategory", "description", "displayOrder") VALUES ('1990', '80', '위험평가 및 개선대책', '위험예지훈련', '각 팀원 최근 아차사고 사례 공유', '80');
INSERT INTO "TemplateItems" ("id", "templateId", "category", "subCategory", "description", "displayOrder") VALUES ('1991', '80', '위험평가 및 개선대책', '위험예지훈련', '작업장소 등 환경에 대한 위험', '90');
INSERT INTO "TemplateItems" ("id", "templateId", "category", "subCategory", "description", "displayOrder") VALUES ('1992', '80', '위험평가 및 개선대책', '위험예지훈련', '입고, 출고, 조립, 가공 등 공정 순서(작업방법)에 대한 위험', '100');
INSERT INTO "TemplateItems" ("id", "templateId", "category", "subCategory", "description", "displayOrder") VALUES ('1993', '80', '위험평가 및 개선대책', '위험예지훈련', '크레인, 리프트, 지게차 등 설비에 대한 위험', '110');
INSERT INTO "TemplateItems" ("id", "templateId", "category", "subCategory", "description", "displayOrder") VALUES ('1994', '80', '위험평가 및 개선대책', '위험예지훈련', '작업장 개구부, 고소작업 등에 대한 위험', '120');
INSERT INTO "TemplateItems" ("id", "templateId", "category", "subCategory", "description", "displayOrder") VALUES ('1995', '80', '위험평가 및 개선대책', '위험예지훈련', '그라인더, 인양달기구 등 사용하는 기구,도구에 대한 위험', '130');
INSERT INTO "TemplateItems" ("id", "templateId", "category", "subCategory", "description", "displayOrder") VALUES ('1996', '80', '위험평가 및 개선대책', '확인', '지적확인 - 중점 위험요인 선정 구호 제창 (중점도 높은 사항으로 선정)', '140');
INSERT INTO "TemplateItems" ("id", "templateId", "category", "subCategory", "description", "displayOrder") VALUES ('1997', '80', '관리감독자 일일안전점검', '공통', '설비, 기계, 기구 등 점검 후 조치', '150');
INSERT INTO "TemplateItems" ("id", "templateId", "category", "subCategory", "description", "displayOrder") VALUES ('1998', '80', '관리감독자 일일안전점검', '공통', '각 종 기계기구의 이상 유무', '160');
INSERT INTO "TemplateItems" ("id", "templateId", "category", "subCategory", "description", "displayOrder") VALUES ('1999', '80', '관리감독자 일일안전점검', '공통', '작업장 정리정돈, 통로확보 개구부 확인 점검결과', '170');
INSERT INTO "TemplateItems" ("id", "templateId", "category", "subCategory", "description", "displayOrder") VALUES ('2000', '80', '관리감독자 일일안전점검', '중량물취급작업 크레인', '올바른 자세, 복장 및 보호구착용 여부', '180');
INSERT INTO "TemplateItems" ("id", "templateId", "category", "subCategory", "description", "displayOrder") VALUES ('2001', '80', '관리감독자 일일안전점검', '중량물취급작업 크레인', '주행로 상측 및 트롤리가 횡행하는 레일, 와이어 통하는 곳의 상태', '190');
INSERT INTO "TemplateItems" ("id", "templateId", "category", "subCategory", "description", "displayOrder") VALUES ('2002', '80', '관리감독자 일일안전점검', '중량물취급작업 크레인', '권과방지장치ㆍ브레이크ㆍ클러치 및 운전장치의 기능', '200');
INSERT INTO "TemplateItems" ("id", "templateId", "category", "subCategory", "description", "displayOrder") VALUES ('2003', '80', '관리감독자 일일안전점검', '중량물취급작업 크레인', '슬링, 와이어로프등의 이상 유무 및 매달린 상태', '210');
INSERT INTO "TemplateItems" ("id", "templateId", "category", "subCategory", "description", "displayOrder") VALUES ('2004', '80', '관리감독자 일일안전점검', '중량물취급작업 크레인', '인양물 하부 작업 여부', '220');
INSERT INTO "TemplateItems" ("id", "templateId", "category", "subCategory", "description", "displayOrder") VALUES ('2005', '80', '관리감독자 일일안전점검', '지게차 하역운반기계', '안전벨트 착용 상태 및 작업장내 과속, 급선회, 급출발 등 이상유무', '230');
INSERT INTO "TemplateItems" ("id", "templateId", "category", "subCategory", "description", "displayOrder") VALUES ('2006', '80', '관리감독자 일일안전점검', '지게차 하역운반기계', '제동장치 및 조종장치, 하역장치 및 유압장치 기능의 이상유무', '240');
INSERT INTO "TemplateItems" ("id", "templateId", "category", "subCategory", "description", "displayOrder") VALUES ('2007', '80', '관리감독자 일일안전점검', '지게차 하역운반기계', '전조등ㆍ후미등ㆍ방향지시기 및 경보장치, 바퀴 기능의 이상유무', '250');
INSERT INTO "TemplateItems" ("id", "templateId", "category", "subCategory", "description", "displayOrder") VALUES ('2008', '80', '관리감독자 일일안전점검', '위험작업조치', '소화기구, 환기조치, 화재예방 피난교육 등', '260');
INSERT INTO "TemplateItems" ("id", "templateId", "category", "subCategory", "description", "displayOrder") VALUES ('2009', '80', '관리감독자 일일안전점검', '위험작업조치', '용접,용단,연마 , 절단작업시 소화기구, 비산 방지, 환기 조치여부', '270');
INSERT INTO "TemplateItems" ("id", "templateId", "category", "subCategory", "description", "displayOrder") VALUES ('2010', '80', '관리감독자 일일안전점검', '위험작업조치', '통전 전류, 접지 상태, 가스, 유해물질 등 작업환경 점검', '280');
INSERT INTO "TemplateItems" ("id", "templateId", "category", "subCategory", "description", "displayOrder") VALUES ('2011', '80', '인원관리', '시작/종료', '작업시작 및 종료 시, 담당직원의 투입 시/퇴장 시 인원 점검', '290');
INSERT INTO "TemplateItems" ("id", "templateId", "category", "subCategory", "description", "displayOrder") VALUES ('2012', '81', 'TBM', '도입', '아침 조회 - 아침 체조 스트레칭', '10');
INSERT INTO "TemplateItems" ("id", "templateId", "category", "subCategory", "description", "displayOrder") VALUES ('2013', '81', 'TBM', '점검', '건강/복장/보호구 - 음주상태', '20');
INSERT INTO "TemplateItems" ("id", "templateId", "category", "subCategory", "description", "displayOrder") VALUES ('2014', '81', 'TBM', '점검', '건강/복장/보호구 - 건강상태', '30');
INSERT INTO "TemplateItems" ("id", "templateId", "category", "subCategory", "description", "displayOrder") VALUES ('2015', '81', 'TBM', '점검', '건강/복장/보호구 - 복장', '40');
INSERT INTO "TemplateItems" ("id", "templateId", "category", "subCategory", "description", "displayOrder") VALUES ('2016', '81', 'TBM', '점검', '건강/복장/보호구 - 보호구', '50');
INSERT INTO "TemplateItems" ("id", "templateId", "category", "subCategory", "description", "displayOrder") VALUES ('2017', '81', 'TBM', '지시', '작업내용 전파 - 생산회의', '60');
INSERT INTO "TemplateItems" ("id", "templateId", "category", "subCategory", "description", "displayOrder") VALUES ('2018', '81', 'TBM', '지시', '작업내용 전파 - 금일 안전작업 내용지시', '70');
INSERT INTO "TemplateItems" ("id", "templateId", "category", "subCategory", "description", "displayOrder") VALUES ('2019', '81', '위험평가 및 개선대책', '위험예지훈련', '각 팀원 최근 아차사고 사례 공유', '80');
INSERT INTO "TemplateItems" ("id", "templateId", "category", "subCategory", "description", "displayOrder") VALUES ('2020', '81', '위험평가 및 개선대책', '위험예지훈련', '작업장소 등 환경에 대한 위험', '90');
INSERT INTO "TemplateItems" ("id", "templateId", "category", "subCategory", "description", "displayOrder") VALUES ('2021', '81', '위험평가 및 개선대책', '위험예지훈련', '입고, 출고, 조립, 가공 등 공정 순서(작업방법)에 대한 위험', '100');
INSERT INTO "TemplateItems" ("id", "templateId", "category", "subCategory", "description", "displayOrder") VALUES ('2022', '81', '위험평가 및 개선대책', '위험예지훈련', '크레인, 리프트, 지게차 등 설비에 대한 위험', '110');
INSERT INTO "TemplateItems" ("id", "templateId", "category", "subCategory", "description", "displayOrder") VALUES ('2023', '81', '위험평가 및 개선대책', '위험예지훈련', '작업장 개구부, 고소작업 등에 대한 위험', '120');
INSERT INTO "TemplateItems" ("id", "templateId", "category", "subCategory", "description", "displayOrder") VALUES ('2024', '81', '위험평가 및 개선대책', '위험예지훈련', '그라인더, 인양달기구 등 사용하는 기구,도구에 대한 위험', '130');
INSERT INTO "TemplateItems" ("id", "templateId", "category", "subCategory", "description", "displayOrder") VALUES ('2025', '81', '위험평가 및 개선대책', '확인', '지적확인 - 중점 위험요인 선정 구호 제창 (중점도 높은 사항으로 선정)', '140');
INSERT INTO "TemplateItems" ("id", "templateId", "category", "subCategory", "description", "displayOrder") VALUES ('2026', '81', '관리감독자 일일안전점검', '공통', '설비, 기계, 기구 등 점검 후 조치', '150');
INSERT INTO "TemplateItems" ("id", "templateId", "category", "subCategory", "description", "displayOrder") VALUES ('2027', '81', '관리감독자 일일안전점검', '공통', '각 종 기계기구의 이상 유무', '160');
INSERT INTO "TemplateItems" ("id", "templateId", "category", "subCategory", "description", "displayOrder") VALUES ('2028', '81', '관리감독자 일일안전점검', '공통', '작업장 정리정돈, 통로확보 개구부 확인 점검결과', '170');
INSERT INTO "TemplateItems" ("id", "templateId", "category", "subCategory", "description", "displayOrder") VALUES ('2029', '81', '관리감독자 일일안전점검', '중량물취급작업 크레인', '올바른 자세, 복장 및 보호구착용 여부', '180');
INSERT INTO "TemplateItems" ("id", "templateId", "category", "subCategory", "description", "displayOrder") VALUES ('2030', '81', '관리감독자 일일안전점검', '중량물취급작업 크레인', '주행로 상측 및 트롤리가 횡행하는 레일, 와이어 통하는 곳의 상태', '190');
INSERT INTO "TemplateItems" ("id", "templateId", "category", "subCategory", "description", "displayOrder") VALUES ('2031', '81', '관리감독자 일일안전점검', '중량물취급작업 크레인', '권과방지장치ㆍ브레이크ㆍ클러치 및 운전장치의 기능', '200');
INSERT INTO "TemplateItems" ("id", "templateId", "category", "subCategory", "description", "displayOrder") VALUES ('2032', '81', '관리감독자 일일안전점검', '중량물취급작업 크레인', '슬링, 와이어로프등의 이상 유무 및 매달린 상태', '210');
INSERT INTO "TemplateItems" ("id", "templateId", "category", "subCategory", "description", "displayOrder") VALUES ('2033', '81', '관리감독자 일일안전점검', '중량물취급작업 크레인', '인양물 하부 작업 여부', '220');
INSERT INTO "TemplateItems" ("id", "templateId", "category", "subCategory", "description", "displayOrder") VALUES ('2034', '81', '관리감독자 일일안전점검', '지게차 하역운반기계', '안전벨트 착용 상태 및 작업장내 과속, 급선회, 급출발 등 이상유무', '230');
INSERT INTO "TemplateItems" ("id", "templateId", "category", "subCategory", "description", "displayOrder") VALUES ('2035', '81', '관리감독자 일일안전점검', '지게차 하역운반기계', '제동장치 및 조종장치, 하역장치 및 유압장치 기능의 이상유무', '240');
INSERT INTO "TemplateItems" ("id", "templateId", "category", "subCategory", "description", "displayOrder") VALUES ('2036', '81', '관리감독자 일일안전점검', '지게차 하역운반기계', '전조등ㆍ후미등ㆍ방향지시기 및 경보장치, 바퀴 기능의 이상유무', '250');
INSERT INTO "TemplateItems" ("id", "templateId", "category", "subCategory", "description", "displayOrder") VALUES ('2037', '81', '관리감독자 일일안전점검', '위험작업조치', '소화기구, 환기조치, 화재예방 피난교육 등', '260');
INSERT INTO "TemplateItems" ("id", "templateId", "category", "subCategory", "description", "displayOrder") VALUES ('2038', '81', '관리감독자 일일안전점검', '위험작업조치', '용접,용단,연마 , 절단작업시 소화기구, 비산 방지, 환기 조치여부', '270');
INSERT INTO "TemplateItems" ("id", "templateId", "category", "subCategory", "description", "displayOrder") VALUES ('2039', '81', '관리감독자 일일안전점검', '위험작업조치', '통전 전류, 접지 상태, 가스, 유해물질 등 작업환경 점검', '280');
INSERT INTO "TemplateItems" ("id", "templateId", "category", "subCategory", "description", "displayOrder") VALUES ('2040', '81', '인원관리', '시작/종료', '작업시작 및 종료 시, 담당직원의 투입 시/퇴장 시 인원 점검', '290');
INSERT INTO "TemplateItems" ("id", "templateId", "category", "subCategory", "description", "displayOrder") VALUES ('2512', '101', '위험평가 및 개선대책', '위험예지훈련', '크레인, 리프트, 지게차 등 설비에 대한 위험', '110');
INSERT INTO "TemplateItems" ("id", "templateId", "category", "subCategory", "description", "displayOrder") VALUES ('2513', '101', '위험평가 및 개선대책', '위험예지훈련', '작업장 개구부, 고소작업 등에 대한 위험', '120');
INSERT INTO "TemplateItems" ("id", "templateId", "category", "subCategory", "description", "displayOrder") VALUES ('2514', '101', '위험평가 및 개선대책', '위험예지훈련', '그라인더, 인양달기구 등 사용하는 기구,도구에 대한 위험', '130');
INSERT INTO "TemplateItems" ("id", "templateId", "category", "subCategory", "description", "displayOrder") VALUES ('2515', '101', '위험평가 및 개선대책', '확인', '지적확인 - 중점 위험요인 선정 구호 제창 (중점도 높은 사항으로 선정)', '140');
INSERT INTO "TemplateItems" ("id", "templateId", "category", "subCategory", "description", "displayOrder") VALUES ('2516', '101', '관리감독자 일일안전점검', '공통', '사무실 및 작업장 정리정돈', '150');
INSERT INTO "TemplateItems" ("id", "templateId", "category", "subCategory", "description", "displayOrder") VALUES ('2517', '101', '관리감독자 일일안전점검', '공통', '현장 출입 시 안전보호구 착용 유무(안전모, 안전화 등)', '160');
INSERT INTO "TemplateItems" ("id", "templateId", "category", "subCategory", "description", "displayOrder") VALUES ('2518', '101', '관리감독자 일일안전점검', '공통', '종사자의 건강상태 이상유무', '170');
INSERT INTO "TemplateItems" ("id", "templateId", "category", "subCategory", "description", "displayOrder") VALUES ('2519', '101', '관리감독자 일일안전점검', '중량물취급작업 크레인', '주행로 상측 및 트롤리가 횡행하는 레일, 와이어 통하는 곳의 상태', '180');
INSERT INTO "TemplateItems" ("id", "templateId", "category", "subCategory", "description", "displayOrder") VALUES ('2520', '101', '관리감독자 일일안전점검', '중량물취급작업 크레인', '권과방지장치ㆍ브레이크ㆍ클러치 및 운전장치의 기능', '190');
INSERT INTO "TemplateItems" ("id", "templateId", "category", "subCategory", "description", "displayOrder") VALUES ('2521', '101', '관리감독자 일일안전점검', '중량물취급작업 크레인', '슬링, 와이어로프등의 이상 유무 및 매달린 상태, 하부 작업 여부', '200');
INSERT INTO "TemplateItems" ("id", "templateId", "category", "subCategory", "description", "displayOrder") VALUES ('2522', '101', '관리감독자 일일안전점검', '중량물취급작업 크레인', '인양물 하부 작업 여부', '210');
INSERT INTO "TemplateItems" ("id", "templateId", "category", "subCategory", "description", "displayOrder") VALUES ('2523', '101', '관리감독자 일일안전점검', '공기압축기', '드레인밸브, 압력방출장치, 언로드밸브, 윤활유, 덮개 이상 여부', '220');
INSERT INTO "TemplateItems" ("id", "templateId", "category", "subCategory", "description", "displayOrder") VALUES ('2524', '101', '관리감독자 일일안전점검', '지게차 하역운반기계', '안전벨트 착용 상태 및 작업장내 과속, 급선회, 급출발 등 이상유무', '230');
INSERT INTO "TemplateItems" ("id", "templateId", "category", "subCategory", "description", "displayOrder") VALUES ('2525', '101', '관리감독자 일일안전점검', '지게차 하역운반기계', '제동장치 및 조종장치, 하역장치 및 유압장치 기능의 이상유무', '240');
INSERT INTO "TemplateItems" ("id", "templateId", "category", "subCategory", "description", "displayOrder") VALUES ('2526', '101', '관리감독자 일일안전점검', '지게차 하역운반기계', '전조등ㆍ후미등ㆍ방향지시기 및 경보장치, 바퀴 기능의 이상유무', '250');
INSERT INTO "TemplateItems" ("id", "templateId", "category", "subCategory", "description", "displayOrder") VALUES ('2527', '101', '관리감독자 일일안전점검', '위험작업조치', '고소작업시 안전모 착용, 안전고리 체결 유무', '260');
INSERT INTO "TemplateItems" ("id", "templateId", "category", "subCategory", "description", "displayOrder") VALUES ('2528', '101', '관리감독자 일일안전점검', '위험작업조치', '용접,용단,연마 , 절단작업시 소화기구, 비산 방지, 환기 조치여부', '270');
INSERT INTO "TemplateItems" ("id", "templateId", "category", "subCategory", "description", "displayOrder") VALUES ('2041', '82', 'TBM', '도입', '아침 조회 - 아침 체조 스트레칭', '10');
INSERT INTO "TemplateItems" ("id", "templateId", "category", "subCategory", "description", "displayOrder") VALUES ('2042', '82', 'TBM', '점검', '건강/복장/보호구 - 음주상태', '20');
INSERT INTO "TemplateItems" ("id", "templateId", "category", "subCategory", "description", "displayOrder") VALUES ('2043', '82', 'TBM', '점검', '건강/복장/보호구 - 건강상태', '30');
INSERT INTO "TemplateItems" ("id", "templateId", "category", "subCategory", "description", "displayOrder") VALUES ('2044', '82', 'TBM', '점검', '건강/복장/보호구 - 복장', '40');
INSERT INTO "TemplateItems" ("id", "templateId", "category", "subCategory", "description", "displayOrder") VALUES ('2045', '82', 'TBM', '점검', '건강/복장/보호구 - 보호구', '50');
INSERT INTO "TemplateItems" ("id", "templateId", "category", "subCategory", "description", "displayOrder") VALUES ('2046', '82', 'TBM', '지시', '작업내용 전파 - 생산회의', '60');
INSERT INTO "TemplateItems" ("id", "templateId", "category", "subCategory", "description", "displayOrder") VALUES ('2047', '82', 'TBM', '지시', '작업내용 전파 - 금일 안전작업 내용지시', '70');
INSERT INTO "TemplateItems" ("id", "templateId", "category", "subCategory", "description", "displayOrder") VALUES ('2048', '82', '위험평가 및 개선대책', '위험예지훈련', '각 팀원 최근 아차사고 사례 공유', '80');
INSERT INTO "TemplateItems" ("id", "templateId", "category", "subCategory", "description", "displayOrder") VALUES ('2049', '82', '위험평가 및 개선대책', '위험예지훈련', '작업장소 등 환경에 대한 위험', '90');
INSERT INTO "TemplateItems" ("id", "templateId", "category", "subCategory", "description", "displayOrder") VALUES ('2050', '82', '위험평가 및 개선대책', '위험예지훈련', '입고, 출고, 조립, 가공 등 공정 순서(작업방법)에 대한 위험', '100');
INSERT INTO "TemplateItems" ("id", "templateId", "category", "subCategory", "description", "displayOrder") VALUES ('2051', '82', '위험평가 및 개선대책', '위험예지훈련', '크레인, 리프트, 지게차 등 설비에 대한 위험', '110');
INSERT INTO "TemplateItems" ("id", "templateId", "category", "subCategory", "description", "displayOrder") VALUES ('2052', '82', '위험평가 및 개선대책', '위험예지훈련', '작업장 개구부, 고소작업 등에 대한 위험', '120');
INSERT INTO "TemplateItems" ("id", "templateId", "category", "subCategory", "description", "displayOrder") VALUES ('2053', '82', '위험평가 및 개선대책', '위험예지훈련', '그라인더, 인양달기구 등 사용하는 기구,도구에 대한 위험', '130');
INSERT INTO "TemplateItems" ("id", "templateId", "category", "subCategory", "description", "displayOrder") VALUES ('2054', '82', '위험평가 및 개선대책', '확인', '지적확인 - 중점 위험요인 선정 구호 제창 (중점도 높은 사항으로 선정)', '140');
INSERT INTO "TemplateItems" ("id", "templateId", "category", "subCategory", "description", "displayOrder") VALUES ('2055', '82', '관리감독자 일일안전점검', '공통', '설비, 기계, 기구 등 점검 후 조치', '150');
INSERT INTO "TemplateItems" ("id", "templateId", "category", "subCategory", "description", "displayOrder") VALUES ('2056', '82', '관리감독자 일일안전점검', '공통', '각 종 기계기구의 이상 유무', '160');
INSERT INTO "TemplateItems" ("id", "templateId", "category", "subCategory", "description", "displayOrder") VALUES ('2057', '82', '관리감독자 일일안전점검', '공통', '작업장 정리정돈, 통로확보 개구부 확인 점검결과', '170');
INSERT INTO "TemplateItems" ("id", "templateId", "category", "subCategory", "description", "displayOrder") VALUES ('2058', '82', '관리감독자 일일안전점검', '중량물취급작업 크레인', '올바른 자세, 복장 및 보호구착용 여부', '180');
INSERT INTO "TemplateItems" ("id", "templateId", "category", "subCategory", "description", "displayOrder") VALUES ('2059', '82', '관리감독자 일일안전점검', '중량물취급작업 크레인', '주행로 상측 및 트롤리가 횡행하는 레일, 와이어 통하는 곳의 상태', '190');
INSERT INTO "TemplateItems" ("id", "templateId", "category", "subCategory", "description", "displayOrder") VALUES ('2060', '82', '관리감독자 일일안전점검', '중량물취급작업 크레인', '권과방지장치ㆍ브레이크ㆍ클러치 및 운전장치의 기능', '200');
INSERT INTO "TemplateItems" ("id", "templateId", "category", "subCategory", "description", "displayOrder") VALUES ('2061', '82', '관리감독자 일일안전점검', '중량물취급작업 크레인', '슬링, 와이어로프등의 이상 유무 및 매달린 상태', '210');
INSERT INTO "TemplateItems" ("id", "templateId", "category", "subCategory", "description", "displayOrder") VALUES ('2062', '82', '관리감독자 일일안전점검', '중량물취급작업 크레인', '인양물 하부 작업 여부', '220');
INSERT INTO "TemplateItems" ("id", "templateId", "category", "subCategory", "description", "displayOrder") VALUES ('2063', '82', '관리감독자 일일안전점검', '지게차 하역운반기계', '안전벨트 착용 상태 및 작업장내 과속, 급선회, 급출발 등 이상유무', '230');
INSERT INTO "TemplateItems" ("id", "templateId", "category", "subCategory", "description", "displayOrder") VALUES ('2064', '82', '관리감독자 일일안전점검', '지게차 하역운반기계', '제동장치 및 조종장치, 하역장치 및 유압장치 기능의 이상유무', '240');
INSERT INTO "TemplateItems" ("id", "templateId", "category", "subCategory", "description", "displayOrder") VALUES ('2065', '82', '관리감독자 일일안전점검', '지게차 하역운반기계', '전조등ㆍ후미등ㆍ방향지시기 및 경보장치, 바퀴 기능의 이상유무', '250');
INSERT INTO "TemplateItems" ("id", "templateId", "category", "subCategory", "description", "displayOrder") VALUES ('2066', '82', '관리감독자 일일안전점검', '위험작업조치', '고소작업시 안전모 착용, 안전고리 체결 유무', '260');
INSERT INTO "TemplateItems" ("id", "templateId", "category", "subCategory", "description", "displayOrder") VALUES ('2067', '82', '관리감독자 일일안전점검', '위험작업조치', '용접,용단,연마 , 절단작업시 소화기구, 비산 방지, 환기 조치여부', '270');
INSERT INTO "TemplateItems" ("id", "templateId", "category", "subCategory", "description", "displayOrder") VALUES ('2068', '82', '관리감독자 일일안전점검', '위험작업조치', '통전 전류, 접지 상태, 가스, 유해물질 등 작업환경 점검', '280');
INSERT INTO "TemplateItems" ("id", "templateId", "category", "subCategory", "description", "displayOrder") VALUES ('2069', '82', '인원관리', '시작/종료', '작업시작 및 종료 시, 담당직원의 투입 시/퇴장 시 인원 점검', '290');
INSERT INTO "TemplateItems" ("id", "templateId", "category", "subCategory", "description", "displayOrder") VALUES ('2070', '83', 'TBM', '도입', '아침 조회 - 아침 체조 스트레칭', '10');
INSERT INTO "TemplateItems" ("id", "templateId", "category", "subCategory", "description", "displayOrder") VALUES ('2071', '83', 'TBM', '점검', '건강/복장/보호구 - 음주상태', '20');
INSERT INTO "TemplateItems" ("id", "templateId", "category", "subCategory", "description", "displayOrder") VALUES ('2072', '83', 'TBM', '점검', '건강/복장/보호구 - 건강상태', '30');
INSERT INTO "TemplateItems" ("id", "templateId", "category", "subCategory", "description", "displayOrder") VALUES ('2073', '83', 'TBM', '점검', '건강/복장/보호구 - 복장', '40');
INSERT INTO "TemplateItems" ("id", "templateId", "category", "subCategory", "description", "displayOrder") VALUES ('2074', '83', 'TBM', '점검', '건강/복장/보호구 - 보호구', '50');
INSERT INTO "TemplateItems" ("id", "templateId", "category", "subCategory", "description", "displayOrder") VALUES ('2075', '83', 'TBM', '지시', '작업내용 전파 - 생산회의', '60');
INSERT INTO "TemplateItems" ("id", "templateId", "category", "subCategory", "description", "displayOrder") VALUES ('2076', '83', 'TBM', '지시', '작업내용 전파 - 금일 안전작업 내용지시', '70');
INSERT INTO "TemplateItems" ("id", "templateId", "category", "subCategory", "description", "displayOrder") VALUES ('2077', '83', '위험평가 및 개선대책', '위험예지훈련', '각 팀원 최근 아차사고 사례 공유', '80');
INSERT INTO "TemplateItems" ("id", "templateId", "category", "subCategory", "description", "displayOrder") VALUES ('2078', '83', '위험평가 및 개선대책', '위험예지훈련', '작업장소 등 환경에 대한 위험', '90');
INSERT INTO "TemplateItems" ("id", "templateId", "category", "subCategory", "description", "displayOrder") VALUES ('2079', '83', '위험평가 및 개선대책', '위험예지훈련', '입고, 출고, 조립, 가공 등 공정 순서(작업방법)에 대한 위험', '100');
INSERT INTO "TemplateItems" ("id", "templateId", "category", "subCategory", "description", "displayOrder") VALUES ('2080', '83', '위험평가 및 개선대책', '위험예지훈련', '크레인, 리프트, 지게차 등 설비에 대한 위험', '110');
INSERT INTO "TemplateItems" ("id", "templateId", "category", "subCategory", "description", "displayOrder") VALUES ('2081', '83', '위험평가 및 개선대책', '위험예지훈련', '작업장 개구부, 고소작업 등에 대한 위험', '120');
INSERT INTO "TemplateItems" ("id", "templateId", "category", "subCategory", "description", "displayOrder") VALUES ('2082', '83', '위험평가 및 개선대책', '위험예지훈련', '그라인더, 인양달기구 등 사용하는 기구,도구에 대한 위험', '130');
INSERT INTO "TemplateItems" ("id", "templateId", "category", "subCategory", "description", "displayOrder") VALUES ('2083', '83', '위험평가 및 개선대책', '확인', '지적확인 - 중점 위험요인 선정 구호 제창 (중점도 높은 사항으로 선정)', '140');
INSERT INTO "TemplateItems" ("id", "templateId", "category", "subCategory", "description", "displayOrder") VALUES ('2084', '83', '관리감독자 일일안전점검', '공통', '설비, 기계, 기구 등 점검 후 조치', '150');
INSERT INTO "TemplateItems" ("id", "templateId", "category", "subCategory", "description", "displayOrder") VALUES ('2085', '83', '관리감독자 일일안전점검', '공통', '각 종 기계기구의 이상 유무', '160');
INSERT INTO "TemplateItems" ("id", "templateId", "category", "subCategory", "description", "displayOrder") VALUES ('2086', '83', '관리감독자 일일안전점검', '공통', '작업장 정리정돈, 통로확보 개구부 확인 점검결과', '170');
INSERT INTO "TemplateItems" ("id", "templateId", "category", "subCategory", "description", "displayOrder") VALUES ('2087', '83', '관리감독자 일일안전점검', '중량물취급작업 크레인', '올바른 자세, 복장 및 보호구착용 여부', '180');
INSERT INTO "TemplateItems" ("id", "templateId", "category", "subCategory", "description", "displayOrder") VALUES ('2088', '83', '관리감독자 일일안전점검', '중량물취급작업 크레인', '주행로 상측 및 트롤리가 횡행하는 레일, 와이어 통하는 곳의 상태', '190');
INSERT INTO "TemplateItems" ("id", "templateId", "category", "subCategory", "description", "displayOrder") VALUES ('2089', '83', '관리감독자 일일안전점검', '중량물취급작업 크레인', '권과방지장치ㆍ브레이크ㆍ클러치 및 운전장치의 기능', '200');
INSERT INTO "TemplateItems" ("id", "templateId", "category", "subCategory", "description", "displayOrder") VALUES ('2090', '83', '관리감독자 일일안전점검', '중량물취급작업 크레인', '슬링, 와이어로프등의 이상 유무 및 매달린 상태', '210');
INSERT INTO "TemplateItems" ("id", "templateId", "category", "subCategory", "description", "displayOrder") VALUES ('2091', '83', '관리감독자 일일안전점검', '중량물취급작업 크레인', '인양물 하부 작업 여부', '220');
INSERT INTO "TemplateItems" ("id", "templateId", "category", "subCategory", "description", "displayOrder") VALUES ('2092', '83', '관리감독자 일일안전점검', '지게차 하역운반기계', '안전벨트 착용 상태 및 작업장내 과속, 급선회, 급출발 등 이상유무', '230');
INSERT INTO "TemplateItems" ("id", "templateId", "category", "subCategory", "description", "displayOrder") VALUES ('2093', '83', '관리감독자 일일안전점검', '지게차 하역운반기계', '제동장치 및 조종장치, 하역장치 및 유압장치 기능의 이상유무', '240');
INSERT INTO "TemplateItems" ("id", "templateId", "category", "subCategory", "description", "displayOrder") VALUES ('2094', '83', '관리감독자 일일안전점검', '지게차 하역운반기계', '전조등ㆍ후미등ㆍ방향지시기 및 경보장치, 바퀴 기능의 이상유무', '250');
INSERT INTO "TemplateItems" ("id", "templateId", "category", "subCategory", "description", "displayOrder") VALUES ('2095', '83', '관리감독자 일일안전점검', '위험작업조치', '고소작업시 안전모 착용, 안전고리 체결 유무', '260');
INSERT INTO "TemplateItems" ("id", "templateId", "category", "subCategory", "description", "displayOrder") VALUES ('2096', '83', '관리감독자 일일안전점검', '위험작업조치', '용접,용단,연마 , 절단작업시 소화기구, 비산 방지, 환기 조치여부', '270');
INSERT INTO "TemplateItems" ("id", "templateId", "category", "subCategory", "description", "displayOrder") VALUES ('2097', '83', '관리감독자 일일안전점검', '위험작업조치', '통전 전류, 접지 상태, 가스, 유해물질 등 작업환경 점검', '280');
INSERT INTO "TemplateItems" ("id", "templateId", "category", "subCategory", "description", "displayOrder") VALUES ('2098', '83', '인원관리', '시작/종료', '작업시작 및 종료 시, 담당직원의 투입 시/퇴장 시 인원 점검', '290');
INSERT INTO "TemplateItems" ("id", "templateId", "category", "subCategory", "description", "displayOrder") VALUES ('2099', '84', 'TBM', '도입', '아침 조회 - 아침 체조 스트레칭', '10');
INSERT INTO "TemplateItems" ("id", "templateId", "category", "subCategory", "description", "displayOrder") VALUES ('2100', '84', 'TBM', '점검', '건강/복장/보호구 - 음주상태', '20');
INSERT INTO "TemplateItems" ("id", "templateId", "category", "subCategory", "description", "displayOrder") VALUES ('2101', '84', 'TBM', '점검', '건강/복장/보호구 - 건강상태', '30');
INSERT INTO "TemplateItems" ("id", "templateId", "category", "subCategory", "description", "displayOrder") VALUES ('2102', '84', 'TBM', '점검', '건강/복장/보호구 - 복장', '40');
INSERT INTO "TemplateItems" ("id", "templateId", "category", "subCategory", "description", "displayOrder") VALUES ('2103', '84', 'TBM', '점검', '건강/복장/보호구 - 보호구', '50');
INSERT INTO "TemplateItems" ("id", "templateId", "category", "subCategory", "description", "displayOrder") VALUES ('2104', '84', 'TBM', '지시', '작업내용 전파 - 생산회의', '60');
INSERT INTO "TemplateItems" ("id", "templateId", "category", "subCategory", "description", "displayOrder") VALUES ('2105', '84', 'TBM', '지시', '작업내용 전파 - 금일 안전작업 내용지시', '70');
INSERT INTO "TemplateItems" ("id", "templateId", "category", "subCategory", "description", "displayOrder") VALUES ('2106', '84', '위험평가 및 개선대책', '위험예지훈련', '각 팀원 최근 아차사고 사례 공유', '80');
INSERT INTO "TemplateItems" ("id", "templateId", "category", "subCategory", "description", "displayOrder") VALUES ('2107', '84', '위험평가 및 개선대책', '위험예지훈련', '작업장소 등 환경에 대한 위험', '90');
INSERT INTO "TemplateItems" ("id", "templateId", "category", "subCategory", "description", "displayOrder") VALUES ('2108', '84', '위험평가 및 개선대책', '위험예지훈련', '입고, 출고, 조립, 가공 등 공정 순서(작업방법)에 대한 위험', '100');
INSERT INTO "TemplateItems" ("id", "templateId", "category", "subCategory", "description", "displayOrder") VALUES ('2109', '84', '위험평가 및 개선대책', '위험예지훈련', '크레인, 리프트, 지게차 등 설비에 대한 위험', '110');
INSERT INTO "TemplateItems" ("id", "templateId", "category", "subCategory", "description", "displayOrder") VALUES ('2110', '84', '위험평가 및 개선대책', '위험예지훈련', '작업장 개구부, 고소작업 등에 대한 위험', '120');
INSERT INTO "TemplateItems" ("id", "templateId", "category", "subCategory", "description", "displayOrder") VALUES ('2111', '84', '위험평가 및 개선대책', '위험예지훈련', '그라인더, 인양달기구 등 사용하는 기구,도구에 대한 위험', '130');
INSERT INTO "TemplateItems" ("id", "templateId", "category", "subCategory", "description", "displayOrder") VALUES ('2112', '84', '위험평가 및 개선대책', '확인', '지적확인 - 중점 위험요인 선정 구호 제창 (중점도 높은 사항으로 선정)', '140');
INSERT INTO "TemplateItems" ("id", "templateId", "category", "subCategory", "description", "displayOrder") VALUES ('2113', '84', '관리감독자 일일안전점검', '공통', '설비, 기계, 기구 등 점검 후 조치', '150');
INSERT INTO "TemplateItems" ("id", "templateId", "category", "subCategory", "description", "displayOrder") VALUES ('2114', '84', '관리감독자 일일안전점검', '공통', '각 종 기계기구의 이상 유무', '160');
INSERT INTO "TemplateItems" ("id", "templateId", "category", "subCategory", "description", "displayOrder") VALUES ('2115', '84', '관리감독자 일일안전점검', '공통', '작업장 정리정돈, 통로확보 개구부 확인 점검결과', '170');
INSERT INTO "TemplateItems" ("id", "templateId", "category", "subCategory", "description", "displayOrder") VALUES ('2116', '84', '관리감독자 일일안전점검', '중량물취급작업 크레인', '올바른 자세, 복장 및 보호구착용 여부', '180');