INSERT INTO "ApprovalRequests" ("id", "reportId", "requesterId", "approverId", "status", "requestedAt", "approvedAt", "rejectionReason", "executiveSignature") VALUES ('23c5e0e3-d3a5-410c-8c52-56abc09079a3', '89452f3a-1a85-4fb5-ba6f-b60865533bad', 'b3fcfd1d-bd53-4948-8c4f-bc7f10b5b90e', 'b3fcfd1d-bd53-4948-8c4f-bc7f10b5b90e', 'APPROVED', '2025-11-26 04:52:41.904', '2025-11-26 05:08:38.862', NULL, NULL);
INSERT INTO "ApprovalRequests" ("id", "reportId", "requesterId", "approverId", "status", "requestedAt", "approvedAt", "rejectionReason", "executiveSignature") VALUES ('ab96a080-7ae9-46bc-89e7-d14197771e25', '8dfdfaf0-fe4a-4ed0-8e59-3c1f715583ac', 'b3fcfd1d-bd53-4948-8c4f-bc7f10b5b90e', 'da97e549-6822-4935-943c-8f01865f6893', 'APPROVED', '2025-11-26 05:39:45.059', '2025-11-26 05:40:31.221', NULL, NULL);
INSERT INTO "ApprovalRequests" ("id", "reportId", "requesterId", "approverId", "status", "requestedAt", "approvedAt", "rejectionReason", "executiveSignature") VALUES ('753eed8d-18d3-4b29-9c58-3f4b75408feb', '835d8865-edb5-4b5c-bc7b-f3b9dad2d825', 'b3fcfd1d-bd53-4948-8c4f-bc7f10b5b90e', '68c383db-7a1a-4533-a9f4-fe24cc533a3f', 'APPROVED', '2025-11-27 05:37:52.69', '2025-11-27 05:38:56.512', NULL, 'data:image/png;base64,iVBORw0KGgoAAAANSUhEUgAAASwAAACWCAYAAABkW7XSAAAM5klEQVR4Aeydy47sSBGGG2YYxE0gbuK2QMACFrADCQkWPABI7OA54DHgOWCJmFdgh4QQLGABiAWXgRGwQAwMMzATf3XH6WiXXWW7bGdk5nfk7Eyn05kRX6R/ZbrqdL/1jn+lCfyttAGMD4FaCCBYx0RKovQ/G+r/D+kNyz29P5TVxk45IACBMQII1hiVdXX/sNvGBEnCJFES67dYGyXLRg+1UXuEaxQPlb0T0APSO4Mt/JdQvc86khgpWXHykCAp6R61VXrZWqvOstOhuOhcbU4VW/ygDwjUTkAPRu0+lLZfqyGJjtshoVGS2PzdKnUtJjFXes6u+fFhK6huKFy6z/uyJhwQ6JuAHpK+CdzmvcTKGUpYJDA6V5IgfWBh9wjXQmA074uAHqy+PN7O26FYbclyjnD9dTtX6Kk5Ao06tOVD1iiiUbeiWKnBXhxduLRy0xZTYynp/ENW0KoO4TIQHH0Q2OtBa5mePg2M3CQeR/irLabG0nuuOJ4Ll0Q01lOGQHME4oPXnHM7OCSx0qeB3rUExMtH5Vp1aVwJl1ZYPq5iqXNWXE6EvDkCmuTNOXWzQ+MdZBCraJmES/EbCpdWXLEdZQg0Q0ATvhlndnak9Mpqyr0oXN6G7aGTIG+KAII1L5zaanlLbce8nCmXcLmdxDVTZLBlMwJM7OsoXQTUMqtYyTalv+jHQ4qfKj5UkZ0ToKYmAgjW5WhFsapBAD5q7rid2cXVTOWAwDICCNY8XhIBfa1gXuuyraKdUXDLWsXoENiAAII1DVEi5VejCHhd5vylYBwv4AMMinUTuFGw6nb+ivW+papxlaKtobtHjJ0EefUEmMzXQ/jP601StmCVlTIsGHULAQRrnF7cDr53vEn6Wq2yfHVInNOHCwPnEGAij1OqeTsYPdryaw6xX8oQKEIAwbqMvdbtoHulVZavFiXCf/YL5BCokQCCdR41f8B1pdbtoGz3FD/h/IhXkkOgRgII1nnUtBJRrb//Ubn2xAv42iN4sP1Zh0OwpiPTEhttDV2AW/JrOnpcaZIAk/dpWON28OmV+s94AV9/DLv3AMF6OgVa3A66h3GV5X76NXIIVEEAwRoP001cxrtMURv98i1iCsMwAgJzCMQJPKd9y21a3g7GuMUX8HzNIZKhnJ4AgpU+RJsbqK2hd8rXHJwEeRUEEKzHMPl7nR62SnGVxW9zeJwDy0vccSgBBOscdw+CpVWW+8kcOJ8D1CQlwGQ9D8wr51VN1vA1hybD2rZTCNZ5fN9zXtVkTVxl+Xa4SUdxqh0CZQUrD8de3+PE+PsWMU9UsAQCAwJxwg4udXXa8wqDF/BdTfW6nUWwnsavx1WGtoZOgfngJMhTEmCC3ofFharXldYBq6x70PyEwC0EEKx7ev++z7r9qVWWizZzottpkN9xJud9jN59n51+9vJfdE7Ohh98zSHAoJiTAIL1GBdfYWhb+K/H6m5KWmW5WIsB/8+wm9Bv7uhuHSJYj2gji3c+VndV4tcpdxXu+pyND2l91m9vcfyWu682th8ld4+8gM8dn66tQ7Cehv9ddsrW8O7OGTA/bEJw5CHAhDyPRWRSYmt4btF0jb6hL3FRPt1q+ZX4An7rvpdbwx0QeCAQH86HKjIjUMvW0OOnl+Rm9maHXsBLCNWhj6EyCQJFCTAZx/EPt4bZ3mf918x2QbHi3R6roNi/xiBBoDgBBGs6BGLjD61WMCrHldf0nftekVi9LQwhMY3n4dJNRb7WcBO+eTfTahkBPZTL7uirtfhIqNzrd1hBAmHZ4cerNqLGjuIkIY1fRbAmmx2fCD3tsYIL3VOEwDwCeiDntey3lRjpv+64cEkkVJZ4HEVFY71gg2lsy05HLJ8qdvghP9XtEWNpHBIELhLQw3ixARdPBPRpoVhJuE4V9kMPsR7ovbaJ/7ExJFQaQ2PZ6elQXTw/Ve70Q2Or66PG01gkCEwS0EM4eTH7hQL2SbgkWv4gy4Rbt4kSJm25JETq19PbrfMoFKrX+V5bQBvu7OA91hkSKkoSQLCW05doiVsULgmJBGVNkjCpP/UxZo361DW1Gbu+Zx3vsfakS9+LCZR4CBYbmfSGKFxbmChhUtJKSwLlKUuMZM8WftIHBFYTyPIwrHYgwY0SLl9tSXDmpjFhUjyO3PLNwSc71a6sYMkCUvcE9IB0D2EDABItsVySsgnTFAbeY02Rof5wAnrADh+UAasiwHusqsLVtrEIVtvxxTsIVEhg2mQEa5oNVx4J6L2czpgvokAqRoAJWAx9VQO7YFVlNMa2RwDBai+me3jEi/c9qNLnYgII1mJk2W/YxT5evO+ClU6XEkCwlhLrt71vC/k+Vr9zoLjnCFbxEFRjAIJVTajaNRTBaje2W3vmgrV1v/S3nkB3dyJY3YV8tcN/WH0nN0JgIwII1kYg6QYCENifAIK1P2NGgAAENiLQs2BthLCbbj7Zjac4mpYAgpU2NF0Z9j3z9jVLerE/TPr1NvpLQV+x6xydE0CwOp8AK93//cr7/DYJ1C/sxEXqO1Z+3tLYoe996S8FvTh2kbq+CCBYfcW7pLcSqShQnzdjoki9buc/tfSTQfqRnb9k6eeWVh/c2AYBBKuNOB7tRfyvOpfGHopUFCjdJ5H6vhV8FfUlK391kL5p51+29DVLHJ0TQLA6nwA7uD9HpCRQStrqfXeGDbduQWcMQZMaCCBYNUSpDht/a2bqhfnwfZRWUb+0axIoJYmUnXJAYDmBWYK1vFvu6IzAK+bvpyz5EUVKAvUFv0AOgVsIIFi30Ov33jhv9Edg9cdknYavohApJ0K+GYE48TbrlI66IaAtoM8h/akziVU3zuPo8QR8sh0/MiPmJDDPqt9ZM4mVZadD5/pTZ6cTfkBgLwII1l5k2+v3N8GlT4eyxCqeh0sUIbAtAQRrW54t9xZfqruf2gIiVk6DfHcCCNbuiJsZQOIUnRmex2uUqyBQn5EIVn0xK2GxvrYQx0WsIg3KhxFAsA5DXe1Aw68t6Aui1TqD4XUTQLDqjt/e1uuTwOEc+czeg9I/BKYIDCfjVDvqzwg0XyGxat5JHKyLAIJVV7yOsla/NM/H+pMXLEfEDAJHOQIIVjn2WUf+oxnmL9UlVh+3cz/0PsvL5BA4nACCdTjy1ANKrD72YKFWU1GsVK3/yKy8t4S/SQggWEkCkcCMH5gNLlZWvPO5EbeHqidBoBgBn5TFDGDgNAS+FSzxLaGqYlnnJAgUI4BgFUOfamBt/9ygKFC/8krLf22JAwJFCRwhWEUdZPCrBKJY/XDQ+rPh/HOhTBECRQggWEWwpxk0vp/SJ4LfDpbpbwH6KasrJ0FelACCVRR/0cH1iaBv/yRWlz4RZHVVNFQM7gQQLCfRVy6x8k8EtSUcitXq1VVfGPH2aAII1tHEy4/3YzPBxcqKz76+oLKn+H0rVldOhbw4AQSreAgON+DrYUTfEoaqO1ZXkQblVAQQrFTh2N2Yl8MIL4ZyLLK6ijQoTxMocAXBKgC94JAfDGN/I5S9yOrKSZCnJIBgpQzLLkbF1dXYVlCDsroSBVJaAghW2tBsbpivrvSp4Fjnr4ZKvncVYFDMQwDBKhWLY8eNq6uxmEusXggm8clggEExD4GxyZvHOizZisCl1dVQrKa2i1vZQj8QWE0AwVqNrpobXwuWDuONWAU4FPMTGE7g/BZj4VICzz/c8PpD7hli5SR2zxlgKwII1lYkc/YTV1fxE0DEKme8sOoKAQTrCqDKL4+trhCryoPas/kIVh/Rf87c1K+SUYqfBvKC3cBw1EOgAsGqB2YyS+NfuJEweXIzde5lcghUQQDBqiJMq4z82cRd+uIoYjUBh+rcBBCs3PG5xbov2s0SpmEi5gaGo04CTN4649aq1fgFgYsEEKyLeLgIAQhkIoBgZYoGtkAAAhcJIFgX8XARAhDYi8CafhGsNdS4BwIQKEIAwSqCnUEhAIE1BBCsNdS4BwIQKEIAwSqC/fZB6QECPRJAsHqMOj5DoFICCFalgcNsCPRIAMHqMer4XBcBrH1GAMF6hoICBCCQnQCClT1C2AcBCDwjgGA9Q0EBAhDITqB9wcoeAeyDAARmE0CwZqOiIQQgUJoAglU6AowPAQjMJoBgzUZFw/wEsLB1AghW6xHGPwg0RADBaiiYuAKB1gkgWK1HGP8g0BCBIFgNeYUrEIBAkwQQrCbDilMQaJMAgtVmXPEKAk0SQLCaDOtVp2gAgSoJIFhVhg2jIdAnAQSrz7jjNQSqJIBgVRk2jIbAfAIttUSwWoomvkCgcQIIVuMBxj0ItEQAwWopmvgCgcYJIFhXAsxlCEAgDwEEK08ssAQCELhCAMG6AojLEIBAHgIIVp5YYElpAoyfngCClT5EGAgBCDgBBMtJkEMAAukJIFjpQ4SBEICAE3gTAAD//+1PXTIAAAAGSURBVAMA13pcPG3maRcAAAAASUVORK5CYII=');
INSERT INTO "Assessment" ("id", "courseId", "question", "options", "correctAnswer", "difficulty") VALUES ('ef8edbcf-f8bf-4774-b9d1-1f1d90213152', '09b7d948-b8eb-48f3-ad9d-b50b16b5b6d1', '"1 + 1은?"', '"1;2;3;4"', '1', 'medium');
INSERT INTO "Assessment" ("id", "courseId", "question", "options", "correctAnswer", "difficulty") VALUES ('0eef1468-39ce-4f5f-a5cd-e6f3dee8287f', '09b7d948-b8eb-48f3-ad9d-b50b16b5b6d1', '"5 * 3은?"', '"10;12;15;20"', '2', 'medium');
INSERT INTO "Assessment" ("id", "courseId", "question", "options", "correctAnswer", "difficulty") VALUES ('77562bbc-dc95-4850-bdc1-ad74b42fae79', '09b7d948-b8eb-48f3-ad9d-b50b16b5b6d1', '"10 - 7은?"', '"1;2;3;4"', '2', 'medium');
INSERT INTO "Assessment" ("id", "courseId", "question", "options", "correctAnswer", "difficulty") VALUES ('5c783f19-5f99-4f6f-b270-ddc5379e550d', '09b7d948-b8eb-48f3-ad9d-b50b16b5b6d1', '"8 / 2는?"', '"2;4;6;8"', '1', 'medium');
INSERT INTO "Assessment" ("id", "courseId", "question", "options", "correctAnswer", "difficulty") VALUES ('8292077e-8db6-49af-8c90-1b6553e2b1ee', '09b7d948-b8eb-48f3-ad9d-b50b16b5b6d1', '"가장 큰 수는?"', '"100;99;101;98"', '2', 'medium');
INSERT INTO "Assessment" ("id", "courseId", "question", "options", "correctAnswer", "difficulty") VALUES ('c0572884-4f8d-44a8-8522-d7af1891c01f', '2af6e980-d335-4c37-b967-99e103ff1438', '"1 + 1은?"', '"1;2;3;4"', '1', 'medium');
INSERT INTO "Assessment" ("id", "courseId", "question", "options", "correctAnswer", "difficulty") VALUES ('3c4c2758-81ee-49f5-944a-7fb3130f0fec', '2af6e980-d335-4c37-b967-99e103ff1438', '"5 * 3은?"', '"10;12;15;20"', '2', 'medium');
INSERT INTO "Assessment" ("id", "courseId", "question", "options", "correctAnswer", "difficulty") VALUES ('2c1f8aa7-feba-4d77-ab7b-79cd2477f942', '2af6e980-d335-4c37-b967-99e103ff1438', '"10 - 7은?"', '"1;2;3;4"', '2', 'medium');
INSERT INTO "Assessment" ("id", "courseId", "question", "options", "correctAnswer", "difficulty") VALUES ('ea137e21-d5b6-45cf-8544-b31363408ae5', '2af6e980-d335-4c37-b967-99e103ff1438', '"8 / 2는?"', '"2;4;6;8"', '1', 'medium');
INSERT INTO "Assessment" ("id", "courseId", "question", "options", "correctAnswer", "difficulty") VALUES ('83ad0570-3ead-4261-8efe-a91f5a6f9f20', '2af6e980-d335-4c37-b967-99e103ff1438', '"가장 큰 수는?"', '"100;99;101;98"', '2', 'medium');
INSERT INTO "Assessment" ("id", "courseId", "question", "options", "correctAnswer", "difficulty") VALUES ('7ba915f4-80c0-42cc-8a13-4a5e7391b1de', 'fbb714d8-3d40-4370-8042-d7070916f97c', '"다음 중 보호구의 구비요건에 해당하지 않는 것은?"', '"착용하여 작업하기 쉬울 것;유해위험물로부터 보호성능이 충분할 것;사용재료가 작업자에게 해로운 영향을 주지 않을 것;중량이 클수록 충격흡수가 좋아 무거울 것"', '3', 'medium');
INSERT INTO "Assessment" ("id", "courseId", "question", "options", "correctAnswer", "difficulty") VALUES ('5be21cd6-f67d-48ed-9216-3b53c17b3f9b', 'fbb714d8-3d40-4370-8042-d7070916f97c', '"물체의 낙하 또는 비래와 더불어 추락에 의한 위험을 방지 또는 경감하기 위해 사용하는 안전모의 종류는 무엇인가?"', '"낙하방지용 A형;낙하 및 추락방지용 AB형;낙하 및 감전방지용 AE형;다목적용 ABE형"', '1', 'medium');
INSERT INTO "Assessment" ("id", "courseId", "question", "options", "correctAnswer", "difficulty") VALUES ('ff9c5c01-bdd2-462e-bdbb-742650e4c47f', 'fbb714d8-3d40-4370-8042-d7070916f97c', '"플라스틱 등 합성수지 안전모의 관리방법으로 옳지 않은 것은?"', '"자외선 등에 의해 탄성이 감소하거나 색상변화 균열이 발생하면 교체한다;자동차 뒷창문 등 직사광선이 강한 곳에 보관하지 않는다;합성수지 안전모는 스팀이나 뜨거운 물 사용을 피한다;강한 세척을 위해 고온 스팀으로 자주 소독한다"', '3', 'medium');
INSERT INTO "Assessment" ("id", "courseId", "question", "options", "correctAnswer", "difficulty") VALUES ('ffc18db4-d170-4a53-bbcd-06b41ac980c5', 'fbb714d8-3d40-4370-8042-d7070916f97c', '"가죽제 안전화의 기능으로 알맞은 것은?"', '"물체의 낙하충격과 날카로운 것에 의한 찔림을 방지한다;방수성과 내화학성이 우수하여 화학약품 작업에만 사용한다;정전기의 인체대전을 방지한다;감전에 의한 위험만을 방지한다"', '0', 'medium');
INSERT INTO "Assessment" ("id", "courseId", "question", "options", "correctAnswer", "difficulty") VALUES ('546a8d07-d3da-4a0f-aabd-17d1c4fb0c78', 'fbb714d8-3d40-4370-8042-d7070916f97c', '"광산 채광 작업이나 건설현장의 중량물 운반작업 등에 적합한 안전화 작업등급은 무엇인가?"', '"경작업용;보통작업용;중작업용;특수작업용"', '2', 'medium');
INSERT INTO "Assessment" ("id", "courseId", "question", "options", "correctAnswer", "difficulty") VALUES ('cc694480-b55d-4559-bb5c-adadcc7a9386', 'fbb714d8-3d40-4370-8042-d7070916f97c', '"차광보안경이 갖추어야 할 기능으로 옳지 않은 것은?"', '"유해한 자외선을 차단한다;강렬한 가시광선을 약하게 하여 광원의 상태를 관측할 수 있게 한다;열작업에서 발생하는 적외선을 차단한다;작업장의 소음을 감소시켜 청력을 보호한다"', '3', 'medium');
INSERT INTO "Assessment" ("id", "courseId", "question", "options", "correctAnswer", "difficulty") VALUES ('6819219f-de6f-4916-9363-98108d76997a', 'fbb714d8-3d40-4370-8042-d7070916f97c', '"다음 중 소음 정도에 따른 귀 보호구 선택 기준으로 옳은 것은?"', '"소음이 70에서 80데시벨일 때 귀마개와 귀덮개를 동시에 착용한다;소음이 85에서 115데시벨일 때 귀마개 또는 귀덮개를 착용한다;소음이 110에서 120데시벨 이상이어도 귀덮개만 착용하면 된다;소음 정도와 관계없이 항상 귀마개와 귀덮개를 동시에 착용한다"', '1', 'medium');
INSERT INTO "Assessment" ("id", "courseId", "question", "options", "correctAnswer", "difficulty") VALUES ('09ada9b8-6f79-47d5-b862-01e5babb4f24', 'fbb714d8-3d40-4370-8042-d7070916f97c', '"다음 중 귀마개와 귀덮개 선택에 대한 설명으로 가장 옳은 것은?"', '"활동이 많은 작업에는 귀덮개를 우선 사용한다;활동이 적은 작업에는 귀마개를 사용해야 한다;중이염 등 귀에 이상이 있을 때는 귀마개를 깊게 밀어 넣는다;활동이 많은 작업에는 귀마개를 활동이 적은 작업에는 귀덮개를 사용하는 것이 바람직하다"', '3', 'medium');
INSERT INTO "Assessment" ("id", "courseId", "question", "options", "correctAnswer", "difficulty") VALUES ('b3d6b6d5-3a86-4ec2-a51d-440529396db0', 'fbb714d8-3d40-4370-8042-d7070916f97c', '"방진마스크의 사용 및 관리요령으로 볼 때 옳지 않은 것은?"', '"사용 전에 배기밸브와 흡기밸브의 기능 및 공기누설 여부를 점검한다;여과재는 건조한 상태에서 사용한다;필터에 쌓인 분진은 수시로 제거하여 사용한다;여과 효율을 높이기 위해 여과재를 물에 충분히 적신 후 착용한다"', '3', 'medium');
INSERT INTO "Attachment" ("id", "url", "name", "type", "size", "mimeType", "rotation", "createdAt", "noticeId", "commentId", "reportDetailId", "courseId") VALUES ('940f0b69-6c4b-4737-9235-e5716a36ba66', 'https://www.youtube.com/watch?v=DJWXc--CM_M&t=3s', 'https://www.youtube.com/watch?v=DJWXc--CM_M&t=3s', 'youtube', '0', 'application/octet-stream', '0', '2025-11-26 01:44:51.276', NULL, NULL, NULL, 'fbb714d8-3d40-4370-8042-d7070916f97c');
INSERT INTO "Attachment" ("id", "url", "name", "type", "size", "mimeType", "rotation", "createdAt", "noticeId", "commentId", "reportDetailId", "courseId") VALUES ('51129268-9d9c-4c00-bf98-289bb8d67f60', 'https://www.youtube.com/watch?v=M5DG1f8VHDo', 'https://www.youtube.com/watch?v=M5DG1f8VHDo', 'youtube', '0', 'application/octet-stream', '0', '2025-11-20 06:03:49.653', NULL, NULL, NULL, '2af6e980-d335-4c37-b967-99e103ff1438');
INSERT INTO "Attachment" ("id", "url", "name", "type", "size", "mimeType", "rotation", "createdAt", "noticeId", "commentId", "reportDetailId", "courseId") VALUES ('db0c13bc-fd33-4598-b584-7fefc01ceca9', 'https://www.youtube.com/watch?v=M5DG1f8VHDo', 'https://www.youtube.com/watch?v=M5DG1f8VHDo', 'youtube', '0', 'application/octet-stream', '0', '2025-11-20 06:03:49.653', NULL, NULL, NULL, '2af6e980-d335-4c37-b967-99e103ff1438');
INSERT INTO "Attachment" ("id", "url", "name", "type", "size", "mimeType", "rotation", "createdAt", "noticeId", "commentId", "reportDetailId", "courseId") VALUES ('8f733aaa-aba5-4dfe-bc2f-ce1afce1882a', '/uploads/1762992478859_7441_3191916-uhd_3840_2160_25fps.mp4', '3191916-uhd_3840_2160_25fps.mp4', 'video', '31818774', 'application/octet-stream', '0', '2025-11-20 06:03:49.653', NULL, NULL, NULL, '2af6e980-d335-4c37-b967-99e103ff1438');
INSERT INTO "Attachment" ("id", "url", "name", "type", "size", "mimeType", "rotation", "createdAt", "noticeId", "commentId", "reportDetailId", "courseId") VALUES ('98caa71e-60c6-4edf-8cd1-f6f5b796657c', '/uploads/1764119862814_2868_%EC%8A%A4%ED%81%AC%EB%A6%B0%EC%83%B7_2025-11-26_084622.png', '스크린샷 2025-11-26 084622.png', 'image', '247292', 'image/jpeg', '0', '2025-11-26 01:18:14.841', NULL, NULL, '377', NULL);
INSERT INTO "Attachment" ("id", "url", "name", "type", "size", "mimeType", "rotation", "createdAt", "noticeId", "commentId", "reportDetailId", "courseId") VALUES ('7f086575-f859-48de-86ac-5d576553ae80', '/uploads/1764119871177_5395_%EC%8A%A4%ED%81%AC%EB%A6%B0%EC%83%B7_2025-11-26_101443.png', '스크린샷 2025-11-26 101443.png', 'image', '269244', 'image/jpeg', '0', '2025-11-26 01:18:14.872', NULL, NULL, '388', NULL);
INSERT INTO "Attachment" ("id", "url", "name", "type", "size", "mimeType", "rotation", "createdAt", "noticeId", "commentId", "reportDetailId", "courseId") VALUES ('7aabbdea-997b-41d8-800d-e44f81c5c1c0', 'https://pub-1a48d08cdc484562bf1ba171b12fb4f5.r2.dev/uploads/1766099307440_1283_화면_캡처_2025-11-11_142524.png', '화면 캡처 2025-11-11 142524.png', 'image', '334656', 'application/octet-stream', '0', '2025-12-18 23:11:43.596', 'a8cf36e8-f60b-419a-a0f4-04be0362c534', NULL, NULL, NULL);
INSERT INTO "Attachment" ("id", "url", "name", "type", "size", "mimeType", "rotation", "createdAt", "noticeId", "commentId", "reportDetailId", "courseId") VALUES ('90d2f7bc-ec19-422f-b499-e4d07f23e980', 'https://pub-1a48d08cdc484562bf1ba171b12fb4f5.r2.dev/uploads/1766099317797_2372_스크린샷_2025-09-02_134758.png', '스크린샷 2025-09-02 134758.png', 'attachment', '50953', 'application/octet-stream', '0', '2025-12-18 23:11:43.596', 'a8cf36e8-f60b-419a-a0f4-04be0362c534', NULL, NULL, NULL);
INSERT INTO "Attachment" ("id", "url", "name", "type", "size", "mimeType", "rotation", "createdAt", "noticeId", "commentId", "reportDetailId", "courseId") VALUES ('4503da76-8d27-4ba3-979f-49f89680712c', 'https://pub-1a48d08cdc484562bf1ba171b12fb4f5.r2.dev/uploads/1766099318065_449_스크린샷_2025-09-02_134803.png', '스크린샷 2025-09-02 134803.png', 'attachment', '55845', 'application/octet-stream', '0', '2025-12-18 23:11:43.596', 'a8cf36e8-f60b-419a-a0f4-04be0362c534', NULL, NULL, NULL);
INSERT INTO "Attachment" ("id", "url", "name", "type", "size", "mimeType", "rotation", "createdAt", "noticeId", "commentId", "reportDetailId", "courseId") VALUES ('a08770a9-37ee-4b9a-8822-a3e21fe4cc90', 'https://pub-1a48d08cdc484562bf1ba171b12fb4f5.r2.dev/uploads/1766099318369_8444_스크린샷_2025-09-02_134809.png', '스크린샷 2025-09-02 134809.png', 'attachment', '29436', 'application/octet-stream', '0', '2025-12-18 23:11:43.596', 'a8cf36e8-f60b-419a-a0f4-04be0362c534', NULL, NULL, NULL);
INSERT INTO "Attachment" ("id", "url", "name", "type", "size", "mimeType", "rotation", "createdAt", "noticeId", "commentId", "reportDetailId", "courseId") VALUES ('befe4ebb-9cba-479f-944a-53ade825e88d', 'https://pub-1a48d08cdc484562bf1ba171b12fb4f5.r2.dev/uploads/1766099318639_9156_KakaoTalk_20250912_143701165.jpg', 'KakaoTalk_20250912_143701165.jpg', 'attachment', '1156059', 'application/octet-stream', '0', '2025-12-18 23:11:43.596', 'a8cf36e8-f60b-419a-a0f4-04be0362c534', NULL, NULL, NULL);
INSERT INTO "Attachment" ("id", "url", "name", "type", "size", "mimeType", "rotation", "createdAt", "noticeId", "commentId", "reportDetailId", "courseId") VALUES ('f1ce4b68-7c90-41ff-8c3d-75487de5e37c', 'https://pub-1a48d08cdc484562bf1ba171b12fb4f5.r2.dev/uploads/1766099318974_906_스크린샷_2025-09-02_134745.png', '스크린샷 2025-09-02 134745.png', 'attachment', '44897', 'application/octet-stream', '0', '2025-12-18 23:11:43.596', 'a8cf36e8-f60b-419a-a0f4-04be0362c534', NULL, NULL, NULL);
INSERT INTO "Attachment" ("id", "url", "name", "type", "size", "mimeType", "rotation", "createdAt", "noticeId", "commentId", "reportDetailId", "courseId") VALUES ('172deed2-f42b-4407-aef0-36cfae7e5804', 'https://pub-1a48d08cdc484562bf1ba171b12fb4f5.r2.dev/uploads/1766099319229_18_스크린샷_2025-09-02_134750.png', '스크린샷 2025-09-02 134750.png', 'attachment', '30390', 'application/octet-stream', '0', '2025-12-18 23:11:43.596', 'a8cf36e8-f60b-419a-a0f4-04be0362c534', NULL, NULL, NULL);
INSERT INTO "Attachment" ("id", "url", "name", "type", "size", "mimeType", "rotation", "createdAt", "noticeId", "commentId", "reportDetailId", "courseId") VALUES ('9e3a66b4-97cb-4e8c-8169-cf1f954e00d9', 'https://pub-1a48d08cdc484562bf1ba171b12fb4f5.r2.dev/uploads/1766099340642_5536_스크린샷_2025-09-02_134750.png', '스크린샷 2025-09-02 134750.png', 'image', '30390', 'application/octet-stream', '0', '2025-12-18 23:11:43.596', 'a8cf36e8-f60b-419a-a0f4-04be0362c534', NULL, NULL, NULL);
INSERT INTO "Attachment" ("id", "url", "name", "type", "size", "mimeType", "rotation", "createdAt", "noticeId", "commentId", "reportDetailId", "courseId") VALUES ('3c3f58d3-853b-4efb-9dcf-26dd44f91c98', 'https://pub-1a48d08cdc484562bf1ba171b12fb4f5.r2.dev/uploads/1766099340941_9357_스크린샷_2025-09-02_134758.png', '스크린샷 2025-09-02 134758.png', 'image', '50953', 'application/octet-stream', '0', '2025-12-18 23:11:43.596', 'a8cf36e8-f60b-419a-a0f4-04be0362c534', NULL, NULL, NULL);
INSERT INTO "Attachment" ("id", "url", "name", "type", "size", "mimeType", "rotation", "createdAt", "noticeId", "commentId", "reportDetailId", "courseId") VALUES ('34aab36a-362e-49b2-89f7-b5b0f81d6eea', 'https://pub-1a48d08cdc484562bf1ba171b12fb4f5.r2.dev/uploads/1766099341256_5040_스크린샷_2025-09-02_134803.png', '스크린샷 2025-09-02 134803.png', 'image', '55845', 'application/octet-stream', '0', '2025-12-18 23:11:43.596', 'a8cf36e8-f60b-419a-a0f4-04be0362c534', NULL, NULL, NULL);
INSERT INTO "Attachment" ("id", "url", "name", "type", "size", "mimeType", "rotation", "createdAt", "noticeId", "commentId", "reportDetailId", "courseId") VALUES ('fd9c4a47-0a4d-4c41-9138-b33e09049722', 'https://pub-1a48d08cdc484562bf1ba171b12fb4f5.r2.dev/uploads/1766099341614_5124_스크린샷_2025-09-02_134745.png', '스크린샷 2025-09-02 134745.png', 'image', '44897', 'application/octet-stream', '0', '2025-12-18 23:11:43.596', 'a8cf36e8-f60b-419a-a0f4-04be0362c534', NULL, NULL, NULL);
INSERT INTO "Attachment" ("id", "url", "name", "type", "size", "mimeType", "rotation", "createdAt", "noticeId", "commentId", "reportDetailId", "courseId") VALUES ('e0383597-3626-4040-92d1-0d46c81e2a95', 'https://www.youtube.com/watch?v=0-xIgidHZ2Y&pp=ygUM64m07Iqk7JWI7KCE', 'https://www.youtube.com/watch?v=0-xIgidHZ2Y&pp=ygUM64m07Iqk7JWI7KCE', 'youtube', '0', 'application/octet-stream', '0', '2025-12-18 23:11:43.596', 'a8cf36e8-f60b-419a-a0f4-04be0362c534', NULL, NULL, NULL);
INSERT INTO "Attachment" ("id", "url", "name", "type", "size", "mimeType", "rotation", "createdAt", "noticeId", "commentId", "reportDetailId", "courseId") VALUES ('1985823c-81e6-4f02-8c71-c49b9ac7d7d3', 'https://pub-1a48d08cdc484562bf1ba171b12fb4f5.r2.dev/uploads/1766099453127_5792_101668-video-720.mp4', '101668-video-720.mp4', 'video', '5326121', 'application/octet-stream', '0', '2025-12-18 23:11:43.596', 'a8cf36e8-f60b-419a-a0f4-04be0362c534', NULL, NULL, NULL);
INSERT INTO "Attachment" ("id", "url", "name", "type", "size", "mimeType", "rotation", "createdAt", "noticeId", "commentId", "reportDetailId", "courseId") VALUES ('d38724b0-837f-4ea2-846e-7ffbe06adad9', 'https://pub-1a48d08cdc484562bf1ba171b12fb4f5.r2.dev/uploads/1766099500246_1067_relaxing-guitar-loop-v5-245859.mp3', 'relaxing-guitar-loop-v5-245859.mp3', 'audio', '585978', 'application/octet-stream', '0', '2025-12-18 23:11:43.596', 'a8cf36e8-f60b-419a-a0f4-04be0362c534', NULL, NULL, NULL);
INSERT INTO "Certificate" ("id", "userId", "courseId", "certificateUrl", "issuedAt", "certificateNumber", "score") VALUES ('8917b343-cddc-4966-ab01-a5d7c0c4eb51', 'b3fcfd1d-bd53-4948-8c4f-bc7f10b5b90e', 'fbb714d8-3d40-4370-8042-d7070916f97c', '/certs/b3fcfd1d-bd53-4948-8c4f-bc7f10b5b90e-fbb714d8-3d40-4370-8042-d7070916f97c.pdf', '2025-11-26 01:44:06.277', 'CERT-20251126-LEGACY-8917', NULL);
INSERT INTO "Certificate" ("id", "userId", "courseId", "certificateUrl", "issuedAt", "certificateNumber", "score") VALUES ('f3189c8d-7866-4f8f-aabe-dff3a087c135', 'b3fcfd1d-bd53-4948-8c4f-bc7f10b5b90e', '2af6e980-d335-4c37-b967-99e103ff1438', '/certs/b3fcfd1d-bd53-4948-8c4f-bc7f10b5b90e-2af6e980-d335-4c37-b967-99e103ff1438.pdf', '2025-11-28 05:02:14.805', 'CERT-20251128-LEGACY-f318', NULL);
INSERT INTO "ChecklistTemplates" ("id", "name", "teamId") VALUES ('39', '조립 전기라인 TBM 체크리스트', '1');
INSERT INTO "ChecklistTemplates" ("id", "name", "teamId") VALUES ('43', '지재/부품/출하 TBM 체크리스트', '5');
INSERT INTO "ChecklistTemplates" ("id", "name", "teamId") VALUES ('45', '품질 TBM 체크리스트', '7');
INSERT INTO "ChecklistTemplates" ("id", "name", "teamId") VALUES ('47', '인사총무팀 TBM 체크리스트', '8');
INSERT INTO "ChecklistTemplates" ("id", "name", "teamId") VALUES ('31', 'S/A개발 TBM 체크리스트', '32');
INSERT INTO "ChecklistTemplates" ("id", "name", "teamId") VALUES ('38', '인사총무 TBM 체크리스트', '38');
INSERT INTO "ChecklistTemplates" ("id", "name", "teamId") VALUES ('44', '서비스 TBM 체크리스트', '6');
INSERT INTO "ChecklistTemplates" ("id", "name", "teamId") VALUES ('46', '생산기술팀 TBM 체크리스트', '9');
INSERT INTO "ChecklistTemplates" ("id", "name", "teamId") VALUES ('32', 'BR출하 TBM 체크리스트', '27');
INSERT INTO "ChecklistTemplates" ("id", "name", "teamId") VALUES ('33', 'CR출하 TBM 체크리스트', '35');
INSERT INTO "ChecklistTemplates" ("id", "name", "teamId") VALUES ('41', '가공라인 TBM 체크리스트', '3');
INSERT INTO "ChecklistTemplates" ("id", "name", "teamId") VALUES ('42', '연구소 TBM 체크리스트', '4');
INSERT INTO "ChecklistTemplates" ("id", "name", "teamId") VALUES ('34', '자재부품 TBM 체크리스트', '28');
INSERT INTO "ChecklistTemplates" ("id", "name", "teamId") VALUES ('40', '제관라인 TBM 체크리스트', '2');
INSERT INTO "ChecklistTemplates" ("id", "name", "teamId") VALUES ('36', '품질서비스 TBM 체크리스트', '30');
INSERT INTO "ChecklistTemplates" ("id", "name", "teamId") VALUES ('80', 'M/B TBM 체크리스트', '52');
INSERT INTO "ChecklistTemplates" ("id", "name", "teamId") VALUES ('81', 'BKT TBM 체크리스트', '53');
INSERT INTO "ChecklistTemplates" ("id", "name", "teamId") VALUES ('82', '조립 1라인 TBM 체크리스트', '39');
INSERT INTO "ChecklistTemplates" ("id", "name", "teamId") VALUES ('83', '조립 2라인 TBM 체크리스트', '40');
INSERT INTO "ChecklistTemplates" ("id", "name", "teamId") VALUES ('84', '조립 3라인 TBM 체크리스트', '41');
INSERT INTO "ChecklistTemplates" ("id", "name", "teamId") VALUES ('85', '전기라인 TBM 체크리스트', '42');
INSERT INTO "ChecklistTemplates" ("id", "name", "teamId") VALUES ('86', '자재팀 TBM 체크리스트', '45');
INSERT INTO "ChecklistTemplates" ("id", "name", "teamId") VALUES ('87', '부품팀 TBM 체크리스트', '49');
INSERT INTO "ChecklistTemplates" ("id", "name", "teamId") VALUES ('88', '고객지원팀 TBM 체크리스트', '48');
INSERT INTO "ChecklistTemplates" ("id", "name", "teamId") VALUES ('89', '품질관리팀 TBM 체크리스트', '46');
INSERT INTO "ChecklistTemplates" ("id", "name", "teamId") VALUES ('90', '선삭 TBM 체크리스트', '50');
INSERT INTO "ChecklistTemplates" ("id", "name", "teamId") VALUES ('91', '연삭 TBM 체크리스트', '51');
INSERT INTO "ChecklistTemplates" ("id", "name", "teamId") VALUES ('92', '열처리 TBM 체크리스트', '55');
INSERT INTO "ChecklistTemplates" ("id", "name", "teamId") VALUES ('93', 'CR조립 TBM 체크리스트', '54');
INSERT INTO "ChecklistTemplates" ("id", "name", "teamId") VALUES ('94', 'CR자재 TBM 체크리스트', '56');
INSERT INTO "ChecklistTemplates" ("id", "name", "teamId") VALUES ('95', '2공장 TBM 체크리스트', '61');
INSERT INTO "ChecklistTemplates" ("id", "name", "teamId") VALUES ('97', 'BR개발 TBM 체크리스트', '64');
INSERT INTO "ChecklistTemplates" ("id", "name", "teamId") VALUES ('98', 'BR생산관리 TBM 체크리스트', '62');
INSERT INTO "ChecklistTemplates" ("id", "name", "teamId") VALUES ('99', 'BR총괄 TBM 체크리스트', '63');
INSERT INTO "ChecklistTemplates" ("id", "name", "teamId") VALUES ('100', 'CR생산관리 TBM 체크리스트', '65');
INSERT INTO "ChecklistTemplates" ("id", "name", "teamId") VALUES ('101', '품질관리 TBM 체크리스트', '66');
INSERT INTO "Comment" ("id", "content", "imageUrl", "authorId", "noticeId", "createdAt") VALUES ('3cf2a036-ded7-4f48-99eb-8b6e526fd6ca', '테스트', NULL, 'b3fcfd1d-bd53-4948-8c4f-bc7f10b5b90e', '29a5cbff-11b1-4511-83b7-a1bed0710efd', '2025-12-11 02:00:06.129');
INSERT INTO "Course" ("id", "title", "description", "type", "duration", "videoUrl", "videoType", "audioUrl", "documentUrl", "color", "icon", "isActive", "createdAt", "updatedAt") VALUES ('09b7d948-b8eb-48f3-ad9d-b50b16b5b6d1', '테스트용', '테스트용', 'video', '1', '/uploads/1762315857326_5446_3191916-uhd_3840_2160_25fps.mp4', 'file', NULL, '/uploads/1762315864268_485_TBM_Report_2025_11 (1).xlsx', 'blue', 'book-open', 't', '2025-11-20 14:42:11.94', '2025-11-20 14:42:11.94');
INSERT INTO "Course" ("id", "title", "description", "type", "duration", "videoUrl", "videoType", "audioUrl", "documentUrl", "color", "icon", "isActive", "createdAt", "updatedAt") VALUES ('2af6e980-d335-4c37-b967-99e103ff1438', '테스트1', '테스트', 'video', '2', NULL, 'youtube', NULL, NULL, 'blue', 'book-open', 't', '2025-11-20 14:42:11.94', '2025-11-20 06:03:49.648');
INSERT INTO "Course" ("id", "title", "description", "type", "duration", "videoUrl", "videoType", "audioUrl", "documentUrl", "color", "icon", "isActive", "createdAt", "updatedAt") VALUES ('bee5807b-d9f6-4dc9-ac0d-73f70e83589e', '교육 테스트', '테스트', 'video', '1', NULL, 'youtube', NULL, '/uploads/1764120163349_9406_1_%EB%87%8C%EC%8B%AC%ED%98%88%EA%B4%80_%EC%A7%88%ED%99%98_%EC%98%88%EB%B0%A9_%EB%B0%8F_%EB%B9%84%EC%83%81%EB%8C%80%EC%9D%91_%EC%9D%91%EA%B8%89%EC%B2%98%EC%B9%98_%EA%B5%90%EC%9C%A1_%EC%9E%90%EB%A3%8C.pdf', 'blue', 'book-open', 't', '2025-11-26 01:24:03.628', '2025-11-26 01:24:03.628');
INSERT INTO "Course" ("id", "title", "description", "type", "duration", "videoUrl", "videoType", "audioUrl", "documentUrl", "color", "icon", "isActive", "createdAt", "updatedAt") VALUES ('fbb714d8-3d40-4370-8042-d7070916f97c', '안전보호구 교육', '안전보호구 교육', 'video', '0', NULL, 'youtube', NULL, '/uploads/1764120908088_374_%EC%95%88%EC%A0%84%EB%B3%B4%ED%98%B8%EA%B5%AC%EC%9D%98_%EC%A2%85%EB%A5%98.pptx', 'blue', 'book-open', 't', '2025-11-26 01:36:02.334', '2025-11-26 01:44:51.268');
INSERT INTO "DailyReports" ("id", "teamId", "reportDate", "managerName", "remarks", "createdAt", "updatedAt", "site") VALUES ('39', '48', '2025-11-26 05:39:01.598', 'Admin User', '{"text":"","images":[],"absenceInfo":"결근자 없음"}', '2025-11-26 05:39:37.317', '2025-11-26 05:39:37.317', '아산');
INSERT INTO "DailyReports" ("id", "teamId", "reportDate", "managerName", "remarks", "createdAt", "updatedAt", "site") VALUES ('40', '49', '2025-11-27 05:37:04.408', 'Admin User', '{"text":"","images":[],"absenceInfo":"결근자 없음"}', '2025-11-27 05:37:37.367', '2025-11-27 05:37:37.367', '아산');
INSERT INTO "DailyReports" ("id", "teamId", "reportDate", "managerName", "remarks", "createdAt", "updatedAt", "site") VALUES ('10', '5', '2025-10-21 06:16:49.91', '안호형', '연차자: 0명', '2025-10-21 06:18:59.935', '2025-10-21 06:19:55.707', '아산');
INSERT INTO "DailyReports" ("id", "teamId", "reportDate", "managerName", "remarks", "createdAt", "updatedAt", "site") VALUES ('19', '6', '2025-10-23 01:48:41.547', '안호형', '연차자: 2명', '2025-10-23 01:48:49.144', '2025-10-23 01:48:49.144', '아산');
INSERT INTO "DailyReports" ("id", "teamId", "reportDate", "managerName", "remarks", "createdAt", "updatedAt", "site") VALUES ('5', '3', '2025-10-20 06:03:24.818', 'Admin User', '연차자: 0명', '2025-10-20 06:03:33.302', '2025-10-20 06:03:33.302', '아산');
INSERT INTO "DailyReports" ("id", "teamId", "reportDate", "managerName", "remarks", "createdAt", "updatedAt", "site") VALUES ('7', '3', '2025-10-21 00:20:15.801', 'Admin User', '연차자: 0명', '2025-10-21 00:20:56.396', '2025-10-21 00:20:56.396', '아산');
INSERT INTO "DailyReports" ("id", "teamId", "reportDate", "managerName", "remarks", "createdAt", "updatedAt", "site") VALUES ('8', '3', '2025-10-21 15:00:00', 'Admin User', '연차자: 0명', '2025-10-21 00:23:46.247', '2025-10-21 00:23:46.247', '아산');
INSERT INTO "DailyReports" ("id", "teamId", "reportDate", "managerName", "remarks", "createdAt", "updatedAt", "site") VALUES ('9', '3', '2025-10-22 15:00:00', 'Admin User', '연차자: 0명', '2025-10-21 00:38:37.55', '2025-10-21 00:38:50.533', '아산');
INSERT INTO "DailyReports" ("id", "teamId", "reportDate", "managerName", "remarks", "createdAt", "updatedAt", "site") VALUES ('17', '3', '2025-10-22 15:00:00', 'Admin User', '연차자: 1명', '2025-10-22 00:21:34.829', '2025-10-22 00:22:29.201', '아산');
INSERT INTO "DailyReports" ("id", "teamId", "reportDate", "managerName", "remarks", "createdAt", "updatedAt", "site") VALUES ('20', '3', '2025-10-30 07:40:43.532', '테스트', '연차자: 2명', '2025-10-30 07:53:36.659', '2025-10-30 07:53:36.659', '아산');
INSERT INTO "DailyReports" ("id", "teamId", "reportDate", "managerName", "remarks", "createdAt", "updatedAt", "site") VALUES ('18', '3', '2025-10-06 15:00:00', 'Admin User', '결근자 없음', '2025-10-23 01:18:01.799', '2025-11-05 01:05:58.621', '아산');
INSERT INTO "DailyReports" ("id", "teamId", "reportDate", "managerName", "remarks", "createdAt", "updatedAt", "site") VALUES ('35', '8', '2025-11-26 00:04:46.663', 'Admin User', '{"text":"","images":[],"absenceInfo":"결근자 없음"}', '2025-11-26 00:10:06.802', '2025-11-26 00:10:06.802', '아산');
INSERT INTO "DailyReports" ("id", "teamId", "reportDate", "managerName", "remarks", "createdAt", "updatedAt", "site") VALUES ('38', '61', '2025-11-26 01:16:57.777', 'Admin User', '{"text":"없음","images":["/uploads/1764119881089_2292_%EC%8A%A4%ED%81%AC%EB%A6%B0%EC%83%B7_2025-11-26_084536.png"],"absenceInfo":"결근자 없음"}', '2025-11-26 01:18:14.828', '2025-11-26 01:18:14.828', '화성');
INSERT INTO "DailyReports" ("id", "teamId", "reportDate", "managerName", "remarks", "createdAt", "updatedAt", "site") VALUES ('37', '3', '2025-11-26 05:35:20.338', 'Admin User', '{"text":"","images":[],"absenceInfo":"결근자 없음"}', '2025-11-26 00:24:50.758', '2025-11-26 05:36:26.762', '아산');
INSERT INTO "DailyReports" ("id", "teamId", "reportDate", "managerName", "remarks", "createdAt", "updatedAt", "site") VALUES ('1', '3', '2025-12-02 04:31:18.531', 'Admin User', '{"text":"","images":[],"absenceInfo":"결근자 없음"}', '2025-12-02 04:31:49.77', '2025-12-02 04:31:49.77', '아산');
INSERT INTO "DailyReports" ("id", "teamId", "reportDate", "managerName", "remarks", "createdAt", "updatedAt", "site") VALUES ('3', '3', '2025-12-11 05:42:46.829', 'Admin User', '{"text":"","images":[],"absenceInfo":"결근자 없음","audioRecording":{"url":"https://pub-1a48d08cdc484562bf1ba171b12fb4f5.r2.dev/uploads/1765431785058_TBM_녹음_2025-12-11.webm","name":"TBM_녹음_2025-12-11.webm","duration":4.859,"size":79437,"recordedAt":"2025-12-11T05:43:05.612Z"},"transcription":null}', '2025-12-11 02:01:11.555', '2025-12-11 05:43:16.548', '아산');
INSERT INTO "DailyReports" ("id", "teamId", "reportDate", "managerName", "remarks", "createdAt", "updatedAt", "site") VALUES ('2', '55', '2025-12-04 23:42:45.174', 'Admin User', '{"text":"추움. 감기환자 속출. 환자 충분한 휴식하며 작업 실시\\n미끄러짐 위험. 제설 작업 실시\\n금요일 퇴근길 안전하길 바람.","images":["https://pub-1a48d08cdc484562bf1ba171b12fb4f5.r2.dev/uploads/1764892214526_5252_스크린샷_2025-12-05_085010.png"],"absenceInfo":"결근자 없음"}', '2025-12-04 23:52:37.412', '2025-12-18 00:42:26.331', '화성');
INSERT INTO "DailyReports" ("id", "teamId", "reportDate", "managerName", "remarks", "createdAt", "updatedAt", "site") VALUES ('41', '3', '2025-12-18 23:12:25.696', 'Admin User', '{"text":"이상","images":["https://pub-1a48d08cdc484562bf1ba171b12fb4f5.r2.dev/uploads/1766099627041_9041_화면_캡처_2025-11-11_085007.png"],"absenceInfo":"결근자 없음","audioRecording":{"url":"https://pub-1a48d08cdc484562bf1ba171b12fb4f5.r2.dev/uploads/1766099654880_TBM_녹음_2025-12-18.webm","name":"TBM_녹음_2025-12-18.webm","duration":0,"size":265101,"recordedAt":"2025-12-18T23:14:14.572Z"},"transcription":null}', '2025-12-18 23:14:20.467', '2025-12-18 23:14:20.467', '아산');
INSERT INTO "EmailLogs" ("id", "emailType", "recipientId", "recipientEmail", "subject", "sentAt", "status", "errorMessage") VALUES ('1e4b7a7a-c9f1-428d-ad72-26e6c97f3012', 'EDUCATION_REMINDER', 'test-user-id', 'yj.an1@soosan.co.kr', '안전교육 미수강 알림', '2025-11-24 23:34:00.938', 'sent', NULL);
INSERT INTO "EmailLogs" ("id", "emailType", "recipientId", "recipientEmail", "subject", "sentAt", "status", "errorMessage") VALUES ('5263c06a-6747-43e0-998e-59fbc888dd4d', 'EDUCATION_REMINDER', 'test-user-id', 'yj.an1@soosan.co.kr', '안전교육 미수강 알림', '2025-11-24 23:41:49.489', 'sent', NULL);
INSERT INTO "EmailLogs" ("id", "emailType", "recipientId", "recipientEmail", "subject", "sentAt", "status", "errorMessage") VALUES ('cda5e814-e902-4940-a349-a13459eb8f0c', 'EDUCATION_REMINDER', 'test-user-id', 'yj.an1@soosan.co.kr', '안전교육 미수강 알림', '2025-11-24 23:42:06.351', 'sent', NULL);
INSERT INTO "EmailLogs" ("id", "emailType", "recipientId", "recipientEmail", "subject", "sentAt", "status", "errorMessage") VALUES ('c2cf2eeb-0279-493e-a250-eb6940a1e95e', 'INSPECTION_REMINDER', 'test-user-id', 'yj.an1@soosan.co.kr', '안전점검 미작성 알림 (매월 4일)', '2025-11-25 01:52:09.579', 'sent', NULL);
INSERT INTO "EmailLogs" ("id", "emailType", "recipientId", "recipientEmail", "subject", "sentAt", "status", "errorMessage") VALUES ('9a3989a8-41ff-4042-b642-ba34947dae8b', 'INSPECTION_REMINDER', 'test-user-id', 'yj.an1@soosan.co.kr', '안전점검 미작성 알림 (매월 4일)', '2025-11-25 01:52:19.865', 'sent', NULL);
INSERT INTO "EmailLogs" ("id", "emailType", "recipientId", "recipientEmail", "subject", "sentAt", "status", "errorMessage") VALUES ('69fa655d-94c8-4192-867a-476068ec04fb', 'EDUCATION_REMINDER', 'test-user-id', 'yj.an1@soosan.co.kr', '안전교육 미수강 알림', '2025-11-25 01:52:32.678', 'sent', NULL);
INSERT INTO "EmailLogs" ("id", "emailType", "recipientId", "recipientEmail", "subject", "sentAt", "status", "errorMessage") VALUES ('3e2acef0-d061-47d7-9507-796b5fa7c064', 'EXEC_SIGNATURE_COMPLETE', 'test-user-id', 'yj.an1@soosan.co.kr', '월간 TBM 보고서 임원 서명 완료', '2025-11-25 02:31:25.561', 'sent', NULL);
INSERT INTO "Factories" ("id", "name", "code", "createdAt") VALUES ('1', '아산공장', 'ASAN', '2025-11-18 05:41:32.75');
INSERT INTO "Factories" ("id", "name", "code", "createdAt") VALUES ('2', '화성공장', 'HWASEONG', '2025-11-18 05:41:32.763');
INSERT INTO "Holidays" ("id", "date", "name", "isRecurring", "site", "createdAt", "updatedAt") VALUES ('18', '2026-02-28', '삼일절', 't', NULL, '2025-11-27 00:20:15.576', '2025-11-27 00:20:15.576');
INSERT INTO "Holidays" ("id", "date", "name", "isRecurring", "site", "createdAt", "updatedAt") VALUES ('19', '2026-05-04', '어린이날', 't', NULL, '2025-11-27 00:20:15.577', '2025-11-27 00:20:15.577');
INSERT INTO "Holidays" ("id", "date", "name", "isRecurring", "site", "createdAt", "updatedAt") VALUES ('20', '2026-06-05', '현충일', 't', NULL, '2025-11-27 00:20:15.579', '2025-11-27 00:20:15.579');
INSERT INTO "Holidays" ("id", "date", "name", "isRecurring", "site", "createdAt", "updatedAt") VALUES ('21', '2026-08-14', '광복절', 't', NULL, '2025-11-27 00:20:15.581', '2025-11-27 00:20:15.581');
INSERT INTO "Holidays" ("id", "date", "name", "isRecurring", "site", "createdAt", "updatedAt") VALUES ('22', '2026-10-02', '개천절', 't', NULL, '2025-11-27 00:20:15.582', '2025-11-27 00:20:15.582');
INSERT INTO "Holidays" ("id", "date", "name", "isRecurring", "site", "createdAt", "updatedAt") VALUES ('23', '2026-10-08', '한글날', 't', NULL, '2025-11-27 00:20:15.583', '2025-11-27 00:20:15.583');
INSERT INTO "Holidays" ("id", "date", "name", "isRecurring", "site", "createdAt", "updatedAt") VALUES ('25', '2026-02-15', '설날 연휴', 'f', NULL, '2025-11-27 00:20:15.586', '2025-11-27 00:20:15.586');
INSERT INTO "Holidays" ("id", "date", "name", "isRecurring", "site", "createdAt", "updatedAt") VALUES ('26', '2026-02-16', '설날', 'f', NULL, '2025-11-27 00:20:15.587', '2025-11-27 00:20:15.587');
INSERT INTO "Holidays" ("id", "date", "name", "isRecurring", "site", "createdAt", "updatedAt") VALUES ('27', '2026-02-17', '설날 연휴', 'f', NULL, '2025-11-27 00:20:15.588', '2025-11-27 00:20:15.588');
INSERT INTO "Holidays" ("id", "date", "name", "isRecurring", "site", "createdAt", "updatedAt") VALUES ('28', '2026-05-23', '부처님오신날', 'f', NULL, '2025-11-27 00:20:15.59', '2025-11-27 00:20:15.59');
INSERT INTO "Holidays" ("id", "date", "name", "isRecurring", "site", "createdAt", "updatedAt") VALUES ('29', '2026-09-23', '추석 연휴', 'f', NULL, '2025-11-27 00:20:15.591', '2025-11-27 00:20:15.591');
INSERT INTO "Holidays" ("id", "date", "name", "isRecurring", "site", "createdAt", "updatedAt") VALUES ('30', '2026-09-24', '추석', 'f', NULL, '2025-11-27 00:20:15.592', '2025-11-27 00:20:15.592');
INSERT INTO "Holidays" ("id", "date", "name", "isRecurring", "site", "createdAt", "updatedAt") VALUES ('31', '2026-09-25', '추석 연휴', 'f', NULL, '2025-11-27 00:20:15.593', '2025-11-27 00:20:15.593');
INSERT INTO "Holidays" ("id", "date", "name", "isRecurring", "site", "createdAt", "updatedAt") VALUES ('49', '2025-02-28', '삼일절', 't', NULL, '2025-11-28 02:12:27.413', '2025-11-28 02:12:27.413');
INSERT INTO "Holidays" ("id", "date", "name", "isRecurring", "site", "createdAt", "updatedAt") VALUES ('50', '2025-05-04', '어린이날', 't', NULL, '2025-11-28 02:12:27.414', '2025-11-28 02:12:27.414');
INSERT INTO "Holidays" ("id", "date", "name", "isRecurring", "site", "createdAt", "updatedAt") VALUES ('51', '2025-06-05', '현충일', 't', NULL, '2025-11-28 02:12:27.416', '2025-11-28 02:12:27.416');
INSERT INTO "Holidays" ("id", "date", "name", "isRecurring", "site", "createdAt", "updatedAt") VALUES ('52', '2025-08-14', '광복절', 't', NULL, '2025-11-28 02:12:27.417', '2025-11-28 02:12:27.417');
INSERT INTO "Holidays" ("id", "date", "name", "isRecurring", "site", "createdAt", "updatedAt") VALUES ('53', '2025-10-02', '개천절', 't', NULL, '2025-11-28 02:12:27.418', '2025-11-28 02:12:27.418');
INSERT INTO "Holidays" ("id", "date", "name", "isRecurring", "site", "createdAt", "updatedAt") VALUES ('54', '2025-10-08', '한글날', 't', NULL, '2025-11-28 02:12:27.42', '2025-11-28 02:12:27.42');
INSERT INTO "Holidays" ("id", "date", "name", "isRecurring", "site", "createdAt", "updatedAt") VALUES ('56', '2025-01-27', '설날 연휴', 'f', NULL, '2025-11-28 02:12:27.423', '2025-11-28 02:12:27.423');
INSERT INTO "Holidays" ("id", "date", "name", "isRecurring", "site", "createdAt", "updatedAt") VALUES ('57', '2025-01-28', '설날', 'f', NULL, '2025-11-28 02:12:27.424', '2025-11-28 02:12:27.424');
INSERT INTO "Holidays" ("id", "date", "name", "isRecurring", "site", "createdAt", "updatedAt") VALUES ('58', '2025-01-29', '설날 연휴', 'f', NULL, '2025-11-28 02:12:27.425', '2025-11-28 02:12:27.425');
INSERT INTO "Holidays" ("id", "date", "name", "isRecurring", "site", "createdAt", "updatedAt") VALUES ('59', '2025-05-05', '대체공휴일', 'f', NULL, '2025-11-28 02:12:27.427', '2025-11-28 02:12:27.427');
INSERT INTO "Holidays" ("id", "date", "name", "isRecurring", "site", "createdAt", "updatedAt") VALUES ('60', '2025-10-04', '추석 연휴', 'f', NULL, '2025-11-28 02:12:27.428', '2025-11-28 02:12:27.428');
INSERT INTO "Holidays" ("id", "date", "name", "isRecurring", "site", "createdAt", "updatedAt") VALUES ('61', '2025-10-05', '추석', 'f', NULL, '2025-11-28 02:12:27.43', '2025-11-28 02:12:27.43');
INSERT INTO "Holidays" ("id", "date", "name", "isRecurring", "site", "createdAt", "updatedAt") VALUES ('62', '2025-10-06', '추석 연휴', 'f', NULL, '2025-11-28 02:12:27.431', '2025-11-28 02:12:27.431');
INSERT INTO "Holidays" ("id", "date", "name", "isRecurring", "site", "createdAt", "updatedAt") VALUES ('63', '2025-10-07', '추석 대체공휴일', 'f', NULL, '2025-11-28 02:12:27.433', '2025-11-28 02:12:27.433');
INSERT INTO "Holidays" ("id", "date", "name", "isRecurring", "site", "createdAt", "updatedAt") VALUES ('1', '2025-01-01', '신정', 't', NULL, '2025-12-08 23:03:10.82', '2025-12-08 23:03:10.82');
INSERT INTO "Holidays" ("id", "date", "name", "isRecurring", "site", "createdAt", "updatedAt") VALUES ('2', '2025-03-01', '삼일절', 't', NULL, '2025-12-08 23:03:10.841', '2025-12-08 23:03:10.841');
INSERT INTO "Holidays" ("id", "date", "name", "isRecurring", "site", "createdAt", "updatedAt") VALUES ('3', '2025-05-05', '어린이날', 't', NULL, '2025-12-08 23:03:10.845', '2025-12-08 23:03:10.845');
INSERT INTO "Holidays" ("id", "date", "name", "isRecurring", "site", "createdAt", "updatedAt") VALUES ('4', '2025-06-06', '현충일', 't', NULL, '2025-12-08 23:03:10.849', '2025-12-08 23:03:10.849');
INSERT INTO "Holidays" ("id", "date", "name", "isRecurring", "site", "createdAt", "updatedAt") VALUES ('5', '2025-08-15', '광복절', 't', NULL, '2025-12-08 23:03:10.853', '2025-12-08 23:03:10.853');
INSERT INTO "Holidays" ("id", "date", "name", "isRecurring", "site", "createdAt", "updatedAt") VALUES ('6', '2025-10-03', '개천절', 't', NULL, '2025-12-08 23:03:10.857', '2025-12-08 23:03:10.857');
INSERT INTO "Holidays" ("id", "date", "name", "isRecurring", "site", "createdAt", "updatedAt") VALUES ('7', '2025-10-09', '한글날', 't', NULL, '2025-12-08 23:03:10.861', '2025-12-08 23:03:10.861');
INSERT INTO "Holidays" ("id", "date", "name", "isRecurring", "site", "createdAt", "updatedAt") VALUES ('8', '2025-12-25', '크리스마스', 't', NULL, '2025-12-08 23:03:10.865', '2025-12-08 23:03:10.865');
INSERT INTO "Holidays" ("id", "date", "name", "isRecurring", "site", "createdAt", "updatedAt") VALUES ('9', '2025-01-28', '설날 연휴', 'f', NULL, '2025-12-08 23:03:10.871', '2025-12-08 23:03:10.871');
INSERT INTO "Holidays" ("id", "date", "name", "isRecurring", "site", "createdAt", "updatedAt") VALUES ('10', '2025-01-29', '설날', 'f', NULL, '2025-12-08 23:03:10.875', '2025-12-08 23:03:10.875');
INSERT INTO "Holidays" ("id", "date", "name", "isRecurring", "site", "createdAt", "updatedAt") VALUES ('11', '2025-01-30', '설날 연휴', 'f', NULL, '2025-12-08 23:03:10.879', '2025-12-08 23:03:10.879');
INSERT INTO "Holidays" ("id", "date", "name", "isRecurring", "site", "createdAt", "updatedAt") VALUES ('12', '2025-05-06', '대체공휴일', 'f', NULL, '2025-12-08 23:03:10.883', '2025-12-08 23:03:10.883');
INSERT INTO "Holidays" ("id", "date", "name", "isRecurring", "site", "createdAt", "updatedAt") VALUES ('13', '2025-10-05', '추석 연휴', 'f', NULL, '2025-12-08 23:03:10.887', '2025-12-08 23:03:10.887');
INSERT INTO "Holidays" ("id", "date", "name", "isRecurring", "site", "createdAt", "updatedAt") VALUES ('14', '2025-10-06', '추석', 'f', NULL, '2025-12-08 23:03:10.893', '2025-12-08 23:03:10.893');
INSERT INTO "Holidays" ("id", "date", "name", "isRecurring", "site", "createdAt", "updatedAt") VALUES ('15', '2025-10-07', '추석 연휴', 'f', NULL, '2025-12-08 23:03:10.898', '2025-12-08 23:03:10.898');
INSERT INTO "Holidays" ("id", "date", "name", "isRecurring", "site", "createdAt", "updatedAt") VALUES ('16', '2025-10-08', '추석 대체공휴일', 'f', NULL, '2025-12-08 23:03:10.901', '2025-12-08 23:03:10.901');
INSERT INTO "InspectionItems" ("id", "inspectionId", "equipmentName", "requiredPhotoCount", "photos", "remarks", "isCompleted", "uploadedAt") VALUES ('2374d414-604e-4e96-bd02-534ceac6fbba', 'cb71fbaa-1f82-4f72-a27d-3fa8f8a4c053', '지게차 점검', '1', '[{"url": "/uploads/1764052945419_6735_%ED%99%94%EB%A9%B4_%EC%BA%A1%EC%B2%98_2025-11-11_085007.png", "uploadedAt": "2025-11-25T06:42:24.048Z"}]', NULL, 't', '2025-11-25 06:43:37.935');
INSERT INTO "InspectionItems" ("id", "inspectionId", "equipmentName", "requiredPhotoCount", "photos", "remarks", "isCompleted", "uploadedAt") VALUES ('c9717919-eb62-4a21-a8bd-2196c5339e78', 'cb71fbaa-1f82-4f72-a27d-3fa8f8a4c053', '크레인 점검', '6', '[{"url": "/uploads/1764052949169_9598_%ED%99%94%EB%A9%B4_%EC%BA%A1%EC%B2%98_2025-11-11_085007.png", "uploadedAt": "2025-11-25T06:42:27.791Z"}, {"url": "/uploads/1764052958922_7005_%ED%99%94%EB%A9%B4_%EC%BA%A1%EC%B2%98_2025-11-11_085007.png", "uploadedAt": "2025-11-25T06:42:37.562Z"}, {"url": "/uploads/1764052961552_9183_%ED%99%94%EB%A9%B4_%EC%BA%A1%EC%B2%98_2025-11-11_085007.png", "uploadedAt": "2025-11-25T06:42:40.174Z"}, {"url": "/uploads/1764052969817_1170_%ED%99%94%EB%A9%B4_%EC%BA%A1%EC%B2%98_2025-11-11_142524.png", "uploadedAt": "2025-11-25T06:42:48.440Z"}, {"url": "/uploads/1764052969819_5544_%ED%99%94%EB%A9%B4_%EC%BA%A1%EC%B2%98_2025-11-12_113404.png", "uploadedAt": "2025-11-25T06:42:48.440Z"}, {"url": "/uploads/1764053016237_9589_%ED%99%94%EB%A9%B4_%EC%BA%A1%EC%B2%98_2025-11-11_142524.png", "uploadedAt": "2025-11-25T06:43:34.860Z"}]', NULL, 't', '2025-11-25 06:43:37.935');
INSERT INTO "InspectionItems" ("id", "inspectionId", "equipmentName", "requiredPhotoCount", "photos", "remarks", "isCompleted", "uploadedAt") VALUES ('70ee25c7-a3be-4817-b4aa-fde2ed664f7a', 'cb71fbaa-1f82-4f72-a27d-3fa8f8a4c053', '전단기 점검', '1', '[{"url": "/uploads/1764052977839_2242_%ED%99%94%EB%A9%B4_%EC%BA%A1%EC%B2%98_2025-11-12_113404.png", "uploadedAt": "2025-11-25T06:42:56.461Z"}]', NULL, 't', '2025-11-25 06:43:37.935');
INSERT INTO "InspectionItems" ("id", "inspectionId", "equipmentName", "requiredPhotoCount", "photos", "remarks", "isCompleted", "uploadedAt") VALUES ('21f7a106-e720-4c8c-a994-3067e747cf7b', 'cb71fbaa-1f82-4f72-a27d-3fa8f8a4c053', '절곡기 점검', '3', '[{"url": "/uploads/1764052988562_3184_%ED%99%94%EB%A9%B4_%EC%BA%A1%EC%B2%98_2025-11-11_142524.png", "uploadedAt": "2025-11-25T06:43:07.185Z"}, {"url": "/uploads/1764052992915_8931_%ED%99%94%EB%A9%B4_%EC%BA%A1%EC%B2%98_2025-11-11_142524.png", "uploadedAt": "2025-11-25T06:43:11.542Z"}, {"url": "/uploads/1764052996678_2181_%ED%99%94%EB%A9%B4_%EC%BA%A1%EC%B2%98_2025-11-11_142524.png", "uploadedAt": "2025-11-25T06:43:15.647Z"}]', NULL, 't', '2025-11-25 06:43:37.935');
INSERT INTO "InspectionItems" ("id", "inspectionId", "equipmentName", "requiredPhotoCount", "photos", "remarks", "isCompleted", "uploadedAt") VALUES ('f9f809de-edfe-4314-9fdb-d2115f32fd07', 'cb71fbaa-1f82-4f72-a27d-3fa8f8a4c053', '걸이구 점검', '1', '[{"url": "/uploads/1764052991345_978_%ED%99%94%EB%A9%B4_%EC%BA%A1%EC%B2%98_2025-11-11_142524.png", "uploadedAt": "2025-11-25T06:43:09.965Z"}]', NULL, 't', '2025-11-25 06:43:37.935');
INSERT INTO "InspectionItems" ("id", "inspectionId", "equipmentName", "requiredPhotoCount", "photos", "remarks", "isCompleted", "uploadedAt") VALUES ('dc1605c5-0a15-4ce9-aea1-138617e05f56', 'cb71fbaa-1f82-4f72-a27d-3fa8f8a4c053', '드릴기 점검', '4', '[{"url": "/uploads/1764053000824_1697_%ED%99%94%EB%A9%B4_%EC%BA%A1%EC%B2%98_2025-11-11_142524.png", "uploadedAt": "2025-11-25T06:43:19.448Z"}, {"url": "/uploads/1764053005564_7975_%ED%99%94%EB%A9%B4_%EC%BA%A1%EC%B2%98_2025-11-11_142524.png", "uploadedAt": "2025-11-25T06:43:24.186Z"}, {"url": "/uploads/1764053005566_2576_%ED%99%94%EB%A9%B4_%EC%BA%A1%EC%B2%98_2025-11-11_085007.png", "uploadedAt": "2025-11-25T06:43:24.186Z"}, {"url": "/uploads/1764053005567_8322_%ED%99%94%EB%A9%B4_%EC%BA%A1%EC%B2%98_2025-11-12_113404.png", "uploadedAt": "2025-11-25T06:43:24.186Z"}]', NULL, 't', '2025-11-25 06:43:37.935');
INSERT INTO "InspectionItems" ("id", "inspectionId", "equipmentName", "requiredPhotoCount", "photos", "remarks", "isCompleted", "uploadedAt") VALUES ('f8286dac-7504-4198-a3f2-51c2786a7f0e', 'cb71fbaa-1f82-4f72-a27d-3fa8f8a4c053', '소화전,소화기 점검', '1', '[{"url": "/uploads/1764053009113_763_%ED%99%94%EB%A9%B4_%EC%BA%A1%EC%B2%98_2025-11-11_142524.png", "uploadedAt": "2025-11-25T06:43:27.736Z"}]', NULL, 't', '2025-11-25 06:43:37.935');
INSERT INTO "InspectionItems" ("id", "inspectionId", "equipmentName", "requiredPhotoCount", "photos", "remarks", "isCompleted", "uploadedAt") VALUES ('036aefa2-8db1-49aa-b755-86b9e2c2cd4c', '800ca675-10df-4d27-be7a-c4db79c92f27', '지게차 점검', '1', '[]', NULL, 'f', '2025-11-27 00:27:01.099');
INSERT INTO "InspectionItems" ("id", "inspectionId", "equipmentName", "requiredPhotoCount", "photos", "remarks", "isCompleted", "uploadedAt") VALUES ('f913c29c-5ee8-4a59-a09d-a4b34eacd1f6', '800ca675-10df-4d27-be7a-c4db79c92f27', '크레인 점검', '2', '[]', NULL, 'f', '2025-11-27 00:27:01.099');
INSERT INTO "InspectionItems" ("id", "inspectionId", "equipmentName", "requiredPhotoCount", "photos", "remarks", "isCompleted", "uploadedAt") VALUES ('73ccfcba-3075-48a1-b30f-cfe3af528f69', '800ca675-10df-4d27-be7a-c4db79c92f27', '절곡기 점검', '1', '[]', NULL, 'f', '2025-11-27 00:27:01.099');
INSERT INTO "InspectionItems" ("id", "inspectionId", "equipmentName", "requiredPhotoCount", "photos", "remarks", "isCompleted", "uploadedAt") VALUES ('0de691d9-365c-46d2-9f5b-ef0423f16035', '800ca675-10df-4d27-be7a-c4db79c92f27', '걸이구 점검', '1', '[]', NULL, 'f', '2025-11-27 00:27:01.099');
INSERT INTO "InspectionItems" ("id", "inspectionId", "equipmentName", "requiredPhotoCount", "photos", "remarks", "isCompleted", "uploadedAt") VALUES ('daf78739-80cc-45d2-a672-a12157f92596', '800ca675-10df-4d27-be7a-c4db79c92f27', '드릴기 점검', '1', '[]', NULL, 'f', '2025-11-27 00:27:01.099');
INSERT INTO "InspectionItems" ("id", "inspectionId", "equipmentName", "requiredPhotoCount", "photos", "remarks", "isCompleted", "uploadedAt") VALUES ('00ca503d-3271-4548-8546-49abe8ba54ed', '800ca675-10df-4d27-be7a-c4db79c92f27', '소화전,소화기 점검', '1', '[]', NULL, 'f', '2025-11-27 00:27:01.099');
INSERT INTO "InspectionItems" ("id", "inspectionId", "equipmentName", "requiredPhotoCount", "photos", "remarks", "isCompleted", "uploadedAt") VALUES ('8401178d-7d8b-47ac-bf64-ac063b14f6dd', '5a3b709a-b1ba-4101-add1-4ea1590a9717', '지게차 점검', '5', '[{"url": "/uploads/1764116694675_8145_KakaoTalk_20251104_091905919_05.jpg", "rotation": 90, "uploadedAt": "2025-11-26T00:24:54.556Z"}, {"url": "/uploads/1764116733276_3205_KakaoTalk_20251104_091905919_05.jpg", "rotation": 90, "uploadedAt": "2025-11-26T00:25:33.159Z"}, {"url": "/uploads/1764116741633_1313_KakaoTalk_20251104_091905919_05.jpg", "rotation": 90, "uploadedAt": "2025-11-26T00:25:41.520Z"}, {"url": "/uploads/1764116744423_4013_KakaoTalk_20251104_091905919_05.jpg", "rotation": 90, "uploadedAt": "2025-11-26T00:25:44.306Z"}, {"url": "/uploads/1764116751202_4110_KakaoTalk_20251104_091905919_05.jpg", "rotation": 90, "uploadedAt": "2025-11-26T00:25:51.091Z"}]', NULL, 't', '2025-11-27 00:39:15.024');
INSERT INTO "InspectionItems" ("id", "inspectionId", "equipmentName", "requiredPhotoCount", "photos", "remarks", "isCompleted", "uploadedAt") VALUES ('45ccbf80-2b9c-4dde-b60b-647f8df9689e', '5a3b709a-b1ba-4101-add1-4ea1590a9717', '걸이구 점검', '1', '[{"url": "/uploads/1764116716432_6146_11.jpg", "rotation": 270, "uploadedAt": "2025-11-26T00:25:16.314Z"}]', NULL, 't', '2025-11-27 00:39:15.024');
INSERT INTO "InspectionItems" ("id", "inspectionId", "equipmentName", "requiredPhotoCount", "photos", "remarks", "isCompleted", "uploadedAt") VALUES ('0bc5859c-ac33-4cf8-b129-c2307e719140', '5a3b709a-b1ba-4101-add1-4ea1590a9717', '소화전,소화기 점검', '1', '[{"url": "/uploads/1764116721255_7639_KakaoTalk_20251104_091905919_05.jpg", "rotation": 90, "uploadedAt": "2025-11-26T00:25:21.136Z"}]', NULL, 't', '2025-11-27 00:39:15.024');
INSERT INTO "InspectionItems" ("id", "inspectionId", "equipmentName", "requiredPhotoCount", "photos", "remarks", "isCompleted", "uploadedAt") VALUES ('46de2086-5726-436e-80cc-bdca06a62678', '9db2baaa-789d-4fa9-9354-a6f58435ec8a', '절곡기 점검', '1', '[{"url": "/uploads/1764119631529_3906_KakaoTalk_20251104_091905919_05.jpg", "rotation": 90, "uploadedAt": "2025-11-26T01:13:51.436Z"}]', NULL, 't', '2025-11-27 23:20:20.542');
INSERT INTO "InspectionItems" ("id", "inspectionId", "equipmentName", "requiredPhotoCount", "photos", "remarks", "isCompleted", "uploadedAt") VALUES ('7d7ec5ab-53a7-440a-ad96-190f0caaf39b', '9db2baaa-789d-4fa9-9354-a6f58435ec8a', '소화전,소화기 점검', '1', '[{"url": "/uploads/1764119636232_4897_11.jpg", "rotation": 270, "uploadedAt": "2025-11-26T01:13:56.138Z"}]', NULL, 't', '2025-11-27 23:20:20.542');
INSERT INTO "InspectionItems" ("id", "inspectionId", "equipmentName", "requiredPhotoCount", "photos", "remarks", "isCompleted", "uploadedAt") VALUES ('1846fb91-2224-44ee-9901-f33d96e36c25', '9a32f0e6-9329-42c4-86b8-9c6746163315', '지게차 점검', '1', '[{"url": "https://pub-1a48d08cdc484562bf1ba171b12fb4f5.r2.dev/uploads/1764637158056_2724_화면_캡처_2025-12-01_081900.png", "uploadedAt": "2025-12-02T00:59:17.604Z"}]', NULL, 't', '2025-12-02 00:59:24.93');
INSERT INTO "InspectionItems" ("id", "inspectionId", "equipmentName", "requiredPhotoCount", "photos", "remarks", "isCompleted", "uploadedAt") VALUES ('107cba1d-471a-4684-9899-773b14c054d4', '9a32f0e6-9329-42c4-86b8-9c6746163315', '크레인 점검', '6', '[]', NULL, 'f', '2025-12-02 00:59:24.93');
INSERT INTO "InspectionItems" ("id", "inspectionId", "equipmentName", "requiredPhotoCount", "photos", "remarks", "isCompleted", "uploadedAt") VALUES ('6605dfd5-a59b-46ab-ae73-470d2384d848', '9a32f0e6-9329-42c4-86b8-9c6746163315', '전단기 점검', '1', '[]', NULL, 'f', '2025-12-02 00:59:24.93');
INSERT INTO "InspectionItems" ("id", "inspectionId", "equipmentName", "requiredPhotoCount", "photos", "remarks", "isCompleted", "uploadedAt") VALUES ('448bbf2b-2eda-4e26-9eab-8fd999beeea3', '9a32f0e6-9329-42c4-86b8-9c6746163315', '절곡기 점검', '3', '[]', NULL, 'f', '2025-12-02 00:59:24.93');
INSERT INTO "InspectionItems" ("id", "inspectionId", "equipmentName", "requiredPhotoCount", "photos", "remarks", "isCompleted", "uploadedAt") VALUES ('f56200e1-f9d9-4e72-a2d7-05f9f5aa9b9a', '9a32f0e6-9329-42c4-86b8-9c6746163315', '걸이구 점검', '1', '[]', NULL, 'f', '2025-12-02 00:59:24.93');
INSERT INTO "InspectionItems" ("id", "inspectionId", "equipmentName", "requiredPhotoCount", "photos", "remarks", "isCompleted", "uploadedAt") VALUES ('e8a13e0e-64b4-478e-87c7-f82ed36ac36c', '9a32f0e6-9329-42c4-86b8-9c6746163315', '이동크레인 점검', '6', '[]', NULL, 'f', '2025-12-02 00:59:24.93');
INSERT INTO "InspectionScheduleTemplates" ("id", "factoryId", "month", "equipmentName", "displayOrder", "createdAt", "updatedAt") VALUES ('147', '2', '5', '지게차 점검', '1', '2025-11-18 06:48:42.859', '2025-11-18 06:48:42.859');
INSERT INTO "InspectionScheduleTemplates" ("id", "factoryId", "month", "equipmentName", "displayOrder", "createdAt", "updatedAt") VALUES ('148', '2', '5', '크레인 점검', '2', '2025-11-18 06:48:42.861', '2025-11-18 06:48:42.861');
INSERT INTO "InspectionScheduleTemplates" ("id", "factoryId", "month", "equipmentName", "displayOrder", "createdAt", "updatedAt") VALUES ('149', '2', '5', '컨베이어 점검', '3', '2025-11-18 06:48:42.863', '2025-11-18 06:48:42.863');
INSERT INTO "InspectionScheduleTemplates" ("id", "factoryId", "month", "equipmentName", "displayOrder", "createdAt", "updatedAt") VALUES ('150', '2', '5', 'CNC 선반 점검', '4', '2025-11-18 06:48:42.864', '2025-11-18 06:48:42.864');
INSERT INTO "InspectionScheduleTemplates" ("id", "factoryId", "month", "equipmentName", "displayOrder", "createdAt", "updatedAt") VALUES ('151', '2', '5', 'MCT 점검', '5', '2025-11-18 06:48:42.866', '2025-11-18 06:48:42.866');
INSERT INTO "InspectionScheduleTemplates" ("id", "factoryId", "month", "equipmentName", "displayOrder", "createdAt", "updatedAt") VALUES ('152', '2', '5', '걸이구 점검', '6', '2025-11-18 06:48:42.867', '2025-11-18 06:48:42.867');
INSERT INTO "InspectionScheduleTemplates" ("id", "factoryId", "month", "equipmentName", "displayOrder", "createdAt", "updatedAt") VALUES ('153', '2', '5', '절곡기 점검', '7', '2025-11-18 06:48:42.869', '2025-11-18 06:48:42.869');
INSERT INTO "InspectionScheduleTemplates" ("id", "factoryId", "month", "equipmentName", "displayOrder", "createdAt", "updatedAt") VALUES ('154', '2', '5', '프레스 점검', '8', '2025-11-18 06:48:42.87', '2025-11-18 06:48:42.87');
INSERT INTO "InspectionScheduleTemplates" ("id", "factoryId", "month", "equipmentName", "displayOrder", "createdAt", "updatedAt") VALUES ('155', '2', '5', '전단기 점검', '9', '2025-11-18 06:48:42.873', '2025-11-18 06:48:42.873');
INSERT INTO "InspectionScheduleTemplates" ("id", "factoryId", "month", "equipmentName", "displayOrder", "createdAt", "updatedAt") VALUES ('156', '2', '5', '이동크레인 점검', '10', '2025-11-18 06:48:42.874', '2025-11-18 06:48:42.874');
INSERT INTO "InspectionScheduleTemplates" ("id", "factoryId", "month", "equipmentName", "displayOrder", "createdAt", "updatedAt") VALUES ('157', '2', '5', '소화전,소화기 점검', '11', '2025-11-18 06:48:42.877', '2025-11-18 06:48:42.877');
INSERT INTO "InspectionScheduleTemplates" ("id", "factoryId", "month", "equipmentName", "displayOrder", "createdAt", "updatedAt") VALUES ('158', '2', '6', '지게차 점검', '1', '2025-11-18 06:48:42.878', '2025-11-18 06:48:42.878');
INSERT INTO "InspectionScheduleTemplates" ("id", "factoryId", "month", "equipmentName", "displayOrder", "createdAt", "updatedAt") VALUES ('159', '2', '6', '크레인 점검', '2', '2025-11-18 06:48:42.88', '2025-11-18 06:48:42.88');
INSERT INTO "InspectionScheduleTemplates" ("id", "factoryId", "month", "equipmentName", "displayOrder", "createdAt", "updatedAt") VALUES ('160', '2', '6', '컨베이어 점검', '3', '2025-11-18 06:48:42.882', '2025-11-18 06:48:42.882');
INSERT INTO "InspectionScheduleTemplates" ("id", "factoryId", "month", "equipmentName", "displayOrder", "createdAt", "updatedAt") VALUES ('161', '2', '6', 'CNC 선반 점검', '4', '2025-11-18 06:48:42.884', '2025-11-18 06:48:42.884');
INSERT INTO "InspectionScheduleTemplates" ("id", "factoryId", "month", "equipmentName", "displayOrder", "createdAt", "updatedAt") VALUES ('162', '2', '6', 'MCT 점검', '5', '2025-11-18 06:48:42.885', '2025-11-18 06:48:42.885');
INSERT INTO "InspectionScheduleTemplates" ("id", "factoryId", "month", "equipmentName", "displayOrder", "createdAt", "updatedAt") VALUES ('163', '2', '6', '걸이구 점검', '6', '2025-11-18 06:48:42.887', '2025-11-18 06:48:42.887');
INSERT INTO "InspectionScheduleTemplates" ("id", "factoryId", "month", "equipmentName", "displayOrder", "createdAt", "updatedAt") VALUES ('164', '2', '6', '드릴기 점검', '7', '2025-11-18 06:48:42.888', '2025-11-18 06:48:42.888');
INSERT INTO "InspectionScheduleTemplates" ("id", "factoryId", "month", "equipmentName", "displayOrder", "createdAt", "updatedAt") VALUES ('165', '2', '6', '멀티밀링 점검', '8', '2025-11-18 06:48:42.89', '2025-11-18 06:48:42.89');
INSERT INTO "InspectionScheduleTemplates" ("id", "factoryId", "month", "equipmentName", "displayOrder", "createdAt", "updatedAt") VALUES ('166', '2', '6', '스토우 점검', '9', '2025-11-18 06:48:42.892', '2025-11-18 06:48:42.892');
INSERT INTO "InspectionScheduleTemplates" ("id", "factoryId", "month", "equipmentName", "displayOrder", "createdAt", "updatedAt") VALUES ('167', '2', '6', '프레스 점검', '10', '2025-11-18 06:48:42.893', '2025-11-18 06:48:42.893');
INSERT INTO "InspectionScheduleTemplates" ("id", "factoryId", "month", "equipmentName", "displayOrder", "createdAt", "updatedAt") VALUES ('168', '2', '6', '위험물,가스저장소 점검', '11', '2025-11-18 06:48:42.895', '2025-11-18 06:48:42.895');
INSERT INTO "InspectionScheduleTemplates" ("id", "factoryId", "month", "equipmentName", "displayOrder", "createdAt", "updatedAt") VALUES ('169', '2', '7', '지게차 점검', '1', '2025-11-18 06:48:42.897', '2025-11-18 06:48:42.897');
INSERT INTO "InspectionScheduleTemplates" ("id", "factoryId", "month", "equipmentName", "displayOrder", "createdAt", "updatedAt") VALUES ('170', '2', '7', '크레인 점검', '2', '2025-11-18 06:48:42.898', '2025-11-18 06:48:42.898');
INSERT INTO "InspectionScheduleTemplates" ("id", "factoryId", "month", "equipmentName", "displayOrder", "createdAt", "updatedAt") VALUES ('171', '2', '7', '컨베이어 점검', '3', '2025-11-18 06:48:42.9', '2025-11-18 06:48:42.9');
INSERT INTO "InspectionScheduleTemplates" ("id", "factoryId", "month", "equipmentName", "displayOrder", "createdAt", "updatedAt") VALUES ('172', '2', '7', 'CNC 선반 점검', '4', '2025-11-18 06:48:42.902', '2025-11-18 06:48:42.902');
INSERT INTO "InspectionScheduleTemplates" ("id", "factoryId", "month", "equipmentName", "displayOrder", "createdAt", "updatedAt") VALUES ('173', '2', '7', 'MCT 점검', '5', '2025-11-18 06:48:42.903', '2025-11-18 06:48:42.903');
INSERT INTO "InspectionScheduleTemplates" ("id", "factoryId", "month", "equipmentName", "displayOrder", "createdAt", "updatedAt") VALUES ('174', '2', '7', '걸이구 점검', '6', '2025-11-18 06:48:42.905', '2025-11-18 06:48:42.905');
INSERT INTO "InspectionScheduleTemplates" ("id", "factoryId", "month", "equipmentName", "displayOrder", "createdAt", "updatedAt") VALUES ('175', '2', '7', '보링기 점검', '7', '2025-11-18 06:48:42.906', '2025-11-18 06:48:42.906');
INSERT INTO "InspectionScheduleTemplates" ("id", "factoryId", "month", "equipmentName", "displayOrder", "createdAt", "updatedAt") VALUES ('176', '2', '7', '멀티밀링 점검', '8', '2025-11-18 06:48:42.908', '2025-11-18 06:48:42.908');
INSERT INTO "InspectionScheduleTemplates" ("id", "factoryId", "month", "equipmentName", "displayOrder", "createdAt", "updatedAt") VALUES ('177', '2', '7', '스토우 점검', '9', '2025-11-18 06:48:42.909', '2025-11-18 06:48:42.909');
INSERT INTO "InspectionScheduleTemplates" ("id", "factoryId", "month", "equipmentName", "displayOrder", "createdAt", "updatedAt") VALUES ('178', '2', '7', '테스트크레인 점검', '10', '2025-11-18 06:48:42.911', '2025-11-18 06:48:42.911');
INSERT INTO "InspectionScheduleTemplates" ("id", "factoryId", "month", "equipmentName", "displayOrder", "createdAt", "updatedAt") VALUES ('179', '2', '7', '위험물,가스저장소 점검', '11', '2025-11-18 06:48:42.912', '2025-11-18 06:48:42.912');
INSERT INTO "InspectionScheduleTemplates" ("id", "factoryId", "month", "equipmentName", "displayOrder", "createdAt", "updatedAt") VALUES ('180', '2', '8', '지게차 점검', '1', '2025-11-18 06:48:42.914', '2025-11-18 06:48:42.914');
INSERT INTO "InspectionScheduleTemplates" ("id", "factoryId", "month", "equipmentName", "displayOrder", "createdAt", "updatedAt") VALUES ('181', '2', '8', '크레인 점검', '2', '2025-11-18 06:48:42.916', '2025-11-18 06:48:42.916');
INSERT INTO "InspectionScheduleTemplates" ("id", "factoryId", "month", "equipmentName", "displayOrder", "createdAt", "updatedAt") VALUES ('182', '2', '8', '컨베이어 점검', '3', '2025-11-18 06:48:42.917', '2025-11-18 06:48:42.917');
INSERT INTO "InspectionScheduleTemplates" ("id", "factoryId", "month", "equipmentName", "displayOrder", "createdAt", "updatedAt") VALUES ('183', '2', '8', 'CNC 선반 점검', '4', '2025-11-18 06:48:42.919', '2025-11-18 06:48:42.919');
INSERT INTO "InspectionScheduleTemplates" ("id", "factoryId", "month", "equipmentName", "displayOrder", "createdAt", "updatedAt") VALUES ('184', '2', '8', 'MCT 점검', '5', '2025-11-18 06:48:42.92', '2025-11-18 06:48:42.92');
INSERT INTO "InspectionScheduleTemplates" ("id", "factoryId", "month", "equipmentName", "displayOrder", "createdAt", "updatedAt") VALUES ('185', '2', '8', '걸이구 점검', '6', '2025-11-18 06:48:42.922', '2025-11-18 06:48:42.922');
INSERT INTO "InspectionScheduleTemplates" ("id", "factoryId", "month", "equipmentName", "displayOrder", "createdAt", "updatedAt") VALUES ('186', '2', '8', '세척기 점검', '7', '2025-11-18 06:48:42.923', '2025-11-18 06:48:42.923');
INSERT INTO "InspectionScheduleTemplates" ("id", "factoryId", "month", "equipmentName", "displayOrder", "createdAt", "updatedAt") VALUES ('187', '2', '8', '연삭기 점검', '8', '2025-11-18 06:48:42.926', '2025-11-18 06:48:42.926');
INSERT INTO "InspectionScheduleTemplates" ("id", "factoryId", "month", "equipmentName", "displayOrder", "createdAt", "updatedAt") VALUES ('188', '2', '8', '갠트리로더 점검', '9', '2025-11-18 06:48:42.928', '2025-11-18 06:48:42.928');
INSERT INTO "InspectionScheduleTemplates" ("id", "factoryId", "month", "equipmentName", "displayOrder", "createdAt", "updatedAt") VALUES ('189', '2', '8', '굴착기 점검', '10', '2025-11-18 06:48:42.929', '2025-11-18 06:48:42.929');
INSERT INTO "InspectionScheduleTemplates" ("id", "factoryId", "month", "equipmentName", "displayOrder", "createdAt", "updatedAt") VALUES ('190', '2', '8', '소화전,소화기 점검', '11', '2025-11-18 06:48:42.931', '2025-11-18 06:48:42.931');
INSERT INTO "InspectionScheduleTemplates" ("id", "factoryId", "month", "equipmentName", "displayOrder", "createdAt", "updatedAt") VALUES ('191', '2', '9', '지게차 점검', '1', '2025-11-18 06:48:42.933', '2025-11-18 06:48:42.933');
INSERT INTO "InspectionScheduleTemplates" ("id", "factoryId", "month", "equipmentName", "displayOrder", "createdAt", "updatedAt") VALUES ('192', '2', '9', '크레인 점검', '2', '2025-11-18 06:48:42.935', '2025-11-18 06:48:42.935');
INSERT INTO "InspectionScheduleTemplates" ("id", "factoryId", "month", "equipmentName", "displayOrder", "createdAt", "updatedAt") VALUES ('193', '2', '9', '컨베이어 점검', '3', '2025-11-18 06:48:42.936', '2025-11-18 06:48:42.936');
INSERT INTO "InspectionScheduleTemplates" ("id", "factoryId", "month", "equipmentName", "displayOrder", "createdAt", "updatedAt") VALUES ('194', '2', '9', 'CNC 선반 점검', '4', '2025-11-18 06:48:42.937', '2025-11-18 06:48:42.937');
INSERT INTO "InspectionScheduleTemplates" ("id", "factoryId", "month", "equipmentName", "displayOrder", "createdAt", "updatedAt") VALUES ('195', '2', '9', 'MCT 점검', '5', '2025-11-18 06:48:42.939', '2025-11-18 06:48:42.939');
INSERT INTO "InspectionScheduleTemplates" ("id", "factoryId", "month", "equipmentName", "displayOrder", "createdAt", "updatedAt") VALUES ('196', '2', '9', '걸이구 점검', '6', '2025-11-18 06:48:42.94', '2025-11-18 06:48:42.94');
INSERT INTO "InspectionScheduleTemplates" ("id", "factoryId", "month", "equipmentName", "displayOrder", "createdAt", "updatedAt") VALUES ('197', '2', '9', '세척조,피트로,유조로 점검', '7', '2025-11-18 06:48:42.942', '2025-11-18 06:48:42.942');
INSERT INTO "InspectionScheduleTemplates" ("id", "factoryId", "month", "equipmentName", "displayOrder", "createdAt", "updatedAt") VALUES ('198', '2', '9', '멀티밀링 점검', '8', '2025-11-18 06:48:42.943', '2025-11-18 06:48:42.943');
INSERT INTO "InspectionScheduleTemplates" ("id", "factoryId", "month", "equipmentName", "displayOrder", "createdAt", "updatedAt") VALUES ('199', '2', '9', '스토우 점검', '9', '2025-11-18 06:48:42.944', '2025-11-18 06:48:42.944');
INSERT INTO "InspectionScheduleTemplates" ("id", "factoryId", "month", "equipmentName", "displayOrder", "createdAt", "updatedAt") VALUES ('200', '2', '9', '프레스 점검', '10', '2025-11-18 06:48:42.946', '2025-11-18 06:48:42.946');
INSERT INTO "InspectionScheduleTemplates" ("id", "factoryId", "month", "equipmentName", "displayOrder", "createdAt", "updatedAt") VALUES ('201', '2', '9', '위험물,가스저장소 점검', '11', '2025-11-18 06:48:42.947', '2025-11-18 06:48:42.947');
INSERT INTO "InspectionScheduleTemplates" ("id", "factoryId", "month", "equipmentName", "displayOrder", "createdAt", "updatedAt") VALUES ('202', '2', '10', '지게차 점검', '1', '2025-11-18 06:48:42.949', '2025-11-18 06:48:42.949');
INSERT INTO "InspectionScheduleTemplates" ("id", "factoryId", "month", "equipmentName", "displayOrder", "createdAt", "updatedAt") VALUES ('203', '2', '10', '크레인 점검', '2', '2025-11-18 06:48:42.95', '2025-11-18 06:48:42.95');
INSERT INTO "InspectionScheduleTemplates" ("id", "factoryId", "month", "equipmentName", "displayOrder", "createdAt", "updatedAt") VALUES ('204', '2', '10', '컨베이어 점검', '3', '2025-11-18 06:48:42.951', '2025-11-18 06:48:42.951');
INSERT INTO "InspectionScheduleTemplates" ("id", "factoryId", "month", "equipmentName", "displayOrder", "createdAt", "updatedAt") VALUES ('205', '2', '10', 'CNC 선반 점검', '4', '2025-11-18 06:48:42.953', '2025-11-18 06:48:42.953');
INSERT INTO "InspectionScheduleTemplates" ("id", "factoryId", "month", "equipmentName", "displayOrder", "createdAt", "updatedAt") VALUES ('206', '2', '10', 'MCT 점검', '5', '2025-11-18 06:48:42.954', '2025-11-18 06:48:42.954');
INSERT INTO "InspectionScheduleTemplates" ("id", "factoryId", "month", "equipmentName", "displayOrder", "createdAt", "updatedAt") VALUES ('207', '2', '10', '걸이구 점검', '6', '2025-11-18 06:48:42.956', '2025-11-18 06:48:42.956');
INSERT INTO "InspectionScheduleTemplates" ("id", "factoryId", "month", "equipmentName", "displayOrder", "createdAt", "updatedAt") VALUES ('208', '2', '10', '용접기 점검', '7', '2025-11-18 06:48:42.958', '2025-11-18 06:48:42.958');
INSERT INTO "InspectionScheduleTemplates" ("id", "factoryId", "month", "equipmentName", "displayOrder", "createdAt", "updatedAt") VALUES ('209', '2', '10', '굴착기 점검', '8', '2025-11-18 06:48:42.959', '2025-11-18 06:48:42.959');
INSERT INTO "InspectionScheduleTemplates" ("id", "factoryId", "month", "equipmentName", "displayOrder", "createdAt", "updatedAt") VALUES ('210', '2', '10', '갠트리로더 점검', '9', '2025-11-18 06:48:42.961', '2025-11-18 06:48:42.961');
INSERT INTO "InspectionScheduleTemplates" ("id", "factoryId", "month", "equipmentName", "displayOrder", "createdAt", "updatedAt") VALUES ('211', '2', '10', '테스트크레인 점검', '10', '2025-11-18 06:48:42.962', '2025-11-18 06:48:42.962');
INSERT INTO "InspectionScheduleTemplates" ("id", "factoryId", "month", "equipmentName", "displayOrder", "createdAt", "updatedAt") VALUES ('212', '2', '10', '위험물,가스저장소 점검', '11', '2025-11-18 06:48:42.964', '2025-11-18 06:48:42.964');
INSERT INTO "InspectionScheduleTemplates" ("id", "factoryId", "month", "equipmentName", "displayOrder", "createdAt", "updatedAt") VALUES ('253', '1', '3', '지게차 점검', '1', '2025-11-18 06:48:43.032', '2025-11-18 06:48:43.032');
INSERT INTO "InspectionScheduleTemplates" ("id", "factoryId", "month", "equipmentName", "displayOrder", "createdAt", "updatedAt") VALUES ('254', '1', '3', '크레인 점검', '2', '2025-11-18 06:48:43.034', '2025-11-18 06:48:43.034');
INSERT INTO "InspectionScheduleTemplates" ("id", "factoryId", "month", "equipmentName", "displayOrder", "createdAt", "updatedAt") VALUES ('255', '1', '3', '전단기 점검', '3', '2025-11-18 06:48:43.036', '2025-11-18 06:48:43.036');
INSERT INTO "InspectionScheduleTemplates" ("id", "factoryId", "month", "equipmentName", "displayOrder", "createdAt", "updatedAt") VALUES ('256', '1', '3', '절곡기 점검', '4', '2025-11-18 06:48:43.038', '2025-11-18 06:48:43.038');
INSERT INTO "InspectionScheduleTemplates" ("id", "factoryId", "month", "equipmentName", "displayOrder", "createdAt", "updatedAt") VALUES ('258', '1', '3', '걸이구 점검', '6', '2025-11-18 06:48:43.042', '2025-11-18 06:48:43.042');
INSERT INTO "InspectionScheduleTemplates" ("id", "factoryId", "month", "equipmentName", "displayOrder", "createdAt", "updatedAt") VALUES ('259', '1', '3', '전동공구 점검', '7', '2025-11-18 06:48:43.043', '2025-11-18 06:48:43.043');
INSERT INTO "InspectionScheduleTemplates" ("id", "factoryId", "month", "equipmentName", "displayOrder", "createdAt", "updatedAt") VALUES ('260', '1', '3', '탭핑기,스폿용접기 점검', '8', '2025-11-18 06:48:43.045', '2025-11-18 06:48:43.045');
INSERT INTO "InspectionScheduleTemplates" ("id", "factoryId", "month", "equipmentName", "displayOrder", "createdAt", "updatedAt") VALUES ('261', '1', '3', '소화전,소화기 점검', '9', '2025-11-18 06:48:43.047', '2025-11-18 06:48:43.047');
INSERT INTO "InspectionScheduleTemplates" ("id", "factoryId", "month", "equipmentName", "displayOrder", "createdAt", "updatedAt") VALUES ('262', '1', '4', '지게차 점검', '1', '2025-11-18 06:48:43.049', '2025-11-18 06:48:43.049');
INSERT INTO "InspectionScheduleTemplates" ("id", "factoryId", "month", "equipmentName", "displayOrder", "createdAt", "updatedAt") VALUES ('263', '1', '4', '크레인 점검', '2', '2025-11-18 06:48:43.05', '2025-11-18 06:48:43.05');
INSERT INTO "InspectionScheduleTemplates" ("id", "factoryId", "month", "equipmentName", "displayOrder", "createdAt", "updatedAt") VALUES ('264', '1', '4', '전단기 점검', '3', '2025-11-18 06:48:43.052', '2025-11-18 06:48:43.052');
INSERT INTO "InspectionScheduleTemplates" ("id", "factoryId", "month", "equipmentName", "displayOrder", "createdAt", "updatedAt") VALUES ('265', '1', '4', '절곡기 점검', '4', '2025-11-18 06:48:43.053', '2025-11-18 06:48:43.053');
INSERT INTO "InspectionScheduleTemplates" ("id", "factoryId", "month", "equipmentName", "displayOrder", "createdAt", "updatedAt") VALUES ('267', '1', '4', '걸이구 점검', '6', '2025-11-18 06:48:43.056', '2025-11-18 06:48:43.056');
INSERT INTO "InspectionScheduleTemplates" ("id", "factoryId", "month", "equipmentName", "displayOrder", "createdAt", "updatedAt") VALUES ('268', '1', '4', '배전반 점검', '7', '2025-11-18 06:48:43.058', '2025-11-18 06:48:43.058');
INSERT INTO "InspectionScheduleTemplates" ("id", "factoryId", "month", "equipmentName", "displayOrder", "createdAt", "updatedAt") VALUES ('269', '1', '4', '이동크레인 점검', '8', '2025-11-18 06:48:43.059', '2025-11-18 06:48:43.059');
INSERT INTO "InspectionScheduleTemplates" ("id", "factoryId", "month", "equipmentName", "displayOrder", "createdAt", "updatedAt") VALUES ('270', '1', '4', '위험물,가스저장소 점검', '9', '2025-11-18 06:48:43.061', '2025-11-18 06:48:43.061');
INSERT INTO "InspectionScheduleTemplates" ("id", "factoryId", "month", "equipmentName", "displayOrder", "createdAt", "updatedAt") VALUES ('271', '1', '5', '지게차 점검', '1', '2025-11-18 06:48:43.063', '2025-11-18 06:48:43.063');
INSERT INTO "InspectionScheduleTemplates" ("id", "factoryId", "month", "equipmentName", "displayOrder", "createdAt", "updatedAt") VALUES ('272', '1', '5', '크레인 점검', '2', '2025-11-18 06:48:43.065', '2025-11-18 06:48:43.065');
INSERT INTO "InspectionScheduleTemplates" ("id", "factoryId", "month", "equipmentName", "displayOrder", "createdAt", "updatedAt") VALUES ('273', '1', '5', '전단기 점검', '3', '2025-11-18 06:48:43.067', '2025-11-18 06:48:43.067');
INSERT INTO "InspectionScheduleTemplates" ("id", "factoryId", "month", "equipmentName", "displayOrder", "createdAt", "updatedAt") VALUES ('274', '1', '5', '절곡기 점검', '4', '2025-11-18 06:48:43.069', '2025-11-18 06:48:43.069');
INSERT INTO "InspectionScheduleTemplates" ("id", "factoryId", "month", "equipmentName", "displayOrder", "createdAt", "updatedAt") VALUES ('276', '1', '5', '걸이구 점검', '6', '2025-11-18 06:48:43.073', '2025-11-18 06:48:43.073');
INSERT INTO "InspectionScheduleTemplates" ("id", "factoryId", "month", "equipmentName", "displayOrder", "createdAt", "updatedAt") VALUES ('277', '1', '5', '프레스 점검', '7', '2025-11-18 06:48:43.075', '2025-11-18 06:48:43.075');
INSERT INTO "InspectionScheduleTemplates" ("id", "factoryId", "month", "equipmentName", "displayOrder", "createdAt", "updatedAt") VALUES ('279', '1', '5', '소화전,소화기 점검', '9', '2025-11-18 06:48:43.078', '2025-11-18 06:48:43.078');
INSERT INTO "InspectionScheduleTemplates" ("id", "factoryId", "month", "equipmentName", "displayOrder", "createdAt", "updatedAt") VALUES ('280', '1', '6', '지게차 점검', '1', '2025-11-18 06:48:43.08', '2025-11-18 06:48:43.08');
INSERT INTO "InspectionScheduleTemplates" ("id", "factoryId", "month", "equipmentName", "displayOrder", "createdAt", "updatedAt") VALUES ('281', '1', '6', '크레인 점검', '2', '2025-11-18 06:48:43.082', '2025-11-18 06:48:43.082');
INSERT INTO "InspectionScheduleTemplates" ("id", "factoryId", "month", "equipmentName", "displayOrder", "createdAt", "updatedAt") VALUES ('282', '1', '6', '전단기 점검', '3', '2025-11-18 06:48:43.083', '2025-11-18 06:48:43.083');
INSERT INTO "InspectionScheduleTemplates" ("id", "factoryId", "month", "equipmentName", "displayOrder", "createdAt", "updatedAt") VALUES ('283', '1', '6', '절곡기 점검', '4', '2025-11-18 06:48:43.085', '2025-11-18 06:48:43.085');
INSERT INTO "InspectionScheduleTemplates" ("id", "factoryId", "month", "equipmentName", "displayOrder", "createdAt", "updatedAt") VALUES ('285', '1', '6', '걸이구 점검', '6', '2025-11-18 06:48:43.087', '2025-11-18 06:48:43.087');
INSERT INTO "InspectionScheduleTemplates" ("id", "factoryId", "month", "equipmentName", "displayOrder", "createdAt", "updatedAt") VALUES ('286', '1', '6', '드릴기 점검', '7', '2025-11-18 06:48:43.089', '2025-11-18 06:48:43.089');
INSERT INTO "InspectionScheduleTemplates" ("id", "factoryId", "month", "equipmentName", "displayOrder", "createdAt", "updatedAt") VALUES ('287', '1', '6', '용접기 점검', '8', '2025-11-18 06:48:43.091', '2025-11-18 06:48:43.091');
INSERT INTO "InspectionScheduleTemplates" ("id", "factoryId", "month", "equipmentName", "displayOrder", "createdAt", "updatedAt") VALUES ('288', '1', '6', '위험물,가스저장소 점검', '9', '2025-11-18 06:48:43.092', '2025-11-18 06:48:43.092');
INSERT INTO "InspectionScheduleTemplates" ("id", "factoryId", "month", "equipmentName", "displayOrder", "createdAt", "updatedAt") VALUES ('289', '1', '7', '지게차 점검', '1', '2025-11-18 06:48:43.094', '2025-11-18 06:48:43.094');
INSERT INTO "InspectionScheduleTemplates" ("id", "factoryId", "month", "equipmentName", "displayOrder", "createdAt", "updatedAt") VALUES ('290', '1', '7', '크레인 점검', '2', '2025-11-18 06:48:43.096', '2025-11-18 06:48:43.096');
INSERT INTO "InspectionScheduleTemplates" ("id", "factoryId", "month", "equipmentName", "displayOrder", "createdAt", "updatedAt") VALUES ('291', '1', '7', '전단기 점검', '3', '2025-11-18 06:48:43.097', '2025-11-18 06:48:43.097');
INSERT INTO "InspectionScheduleTemplates" ("id", "factoryId", "month", "equipmentName", "displayOrder", "createdAt", "updatedAt") VALUES ('292', '1', '7', '절곡기 점검', '4', '2025-11-18 06:48:43.099', '2025-11-18 06:48:43.099');
INSERT INTO "InspectionScheduleTemplates" ("id", "factoryId", "month", "equipmentName", "displayOrder", "createdAt", "updatedAt") VALUES ('294', '1', '7', '걸이구 점검', '6', '2025-11-18 06:48:43.102', '2025-11-18 06:48:43.102');
INSERT INTO "InspectionScheduleTemplates" ("id", "factoryId", "month", "equipmentName", "displayOrder", "createdAt", "updatedAt") VALUES ('295', '1', '7', '전동공구 점검', '7', '2025-11-18 06:48:43.104', '2025-11-18 06:48:43.104');
INSERT INTO "InspectionScheduleTemplates" ("id", "factoryId", "month", "equipmentName", "displayOrder", "createdAt", "updatedAt") VALUES ('296', '1', '7', '배전반 점검', '8', '2025-11-18 06:48:43.106', '2025-11-18 06:48:43.106');
INSERT INTO "InspectionScheduleTemplates" ("id", "factoryId", "month", "equipmentName", "displayOrder", "createdAt", "updatedAt") VALUES ('297', '1', '7', '위험물,가스저장소 점검', '9', '2025-11-18 06:48:43.108', '2025-11-18 06:48:43.108');
INSERT INTO "InspectionScheduleTemplates" ("id", "factoryId", "month", "equipmentName", "displayOrder", "createdAt", "updatedAt") VALUES ('298', '1', '8', '지게차 점검', '1', '2025-11-18 06:48:43.109', '2025-11-18 06:48:43.109');
INSERT INTO "InspectionScheduleTemplates" ("id", "factoryId", "month", "equipmentName", "displayOrder", "createdAt", "updatedAt") VALUES ('299', '1', '8', '크레인 점검', '2', '2025-11-18 06:48:43.111', '2025-11-18 06:48:43.111');
INSERT INTO "InspectionScheduleTemplates" ("id", "factoryId", "month", "equipmentName", "displayOrder", "createdAt", "updatedAt") VALUES ('300', '1', '8', '전단기 점검', '3', '2025-11-18 06:48:43.113', '2025-11-18 06:48:43.113');
INSERT INTO "InspectionScheduleTemplates" ("id", "factoryId", "month", "equipmentName", "displayOrder", "createdAt", "updatedAt") VALUES ('301', '1', '8', '절곡기 점검', '4', '2025-11-18 06:48:43.115', '2025-11-18 06:48:43.115');
INSERT INTO "InspectionScheduleTemplates" ("id", "factoryId", "month", "equipmentName", "displayOrder", "createdAt", "updatedAt") VALUES ('303', '1', '8', '걸이구 점검', '6', '2025-11-18 06:48:43.118', '2025-11-18 06:48:43.118');
INSERT INTO "InspectionScheduleTemplates" ("id", "factoryId", "month", "equipmentName", "displayOrder", "createdAt", "updatedAt") VALUES ('304', '1', '8', '탭핑기,스폿용접기 점검', '7', '2025-11-18 06:48:43.119', '2025-11-18 06:48:43.119');
INSERT INTO "InspectionScheduleTemplates" ("id", "factoryId", "month", "equipmentName", "displayOrder", "createdAt", "updatedAt") VALUES ('306', '1', '8', '소화전,소화기 점검', '9', '2025-11-18 06:48:43.122', '2025-11-18 06:48:43.122');
INSERT INTO "InspectionScheduleTemplates" ("id", "factoryId", "month", "equipmentName", "displayOrder", "createdAt", "updatedAt") VALUES ('307', '1', '9', '지게차 점검', '1', '2025-11-18 06:48:43.123', '2025-11-18 06:48:43.123');
INSERT INTO "InspectionScheduleTemplates" ("id", "factoryId", "month", "equipmentName", "displayOrder", "createdAt", "updatedAt") VALUES ('308', '1', '9', '크레인 점검', '2', '2025-11-18 06:48:43.125', '2025-11-18 06:48:43.125');
INSERT INTO "InspectionScheduleTemplates" ("id", "factoryId", "month", "equipmentName", "displayOrder", "createdAt", "updatedAt") VALUES ('309', '1', '9', '전단기 점검', '3', '2025-11-18 06:48:43.126', '2025-11-18 06:48:43.126');
INSERT INTO "InspectionScheduleTemplates" ("id", "factoryId", "month", "equipmentName", "displayOrder", "createdAt", "updatedAt") VALUES ('310', '1', '9', '절곡기 점검', '4', '2025-11-18 06:48:43.127', '2025-11-18 06:48:43.127');
INSERT INTO "InspectionScheduleTemplates" ("id", "factoryId", "month", "equipmentName", "displayOrder", "createdAt", "updatedAt") VALUES ('312', '1', '9', '걸이구 점검', '6', '2025-11-18 06:48:43.13', '2025-11-18 06:48:43.13');
INSERT INTO "InspectionScheduleTemplates" ("id", "factoryId", "month", "equipmentName", "displayOrder", "createdAt", "updatedAt") VALUES ('313', '1', '9', '밀링기,면취기 점검', '7', '2025-11-18 06:48:43.131', '2025-11-18 06:48:43.131');
INSERT INTO "InspectionScheduleTemplates" ("id", "factoryId", "month", "equipmentName", "displayOrder", "createdAt", "updatedAt") VALUES ('314', '1', '9', '이동크레인 점검', '8', '2025-11-18 06:48:43.132', '2025-11-18 06:48:43.132');
INSERT INTO "InspectionScheduleTemplates" ("id", "factoryId", "month", "equipmentName", "displayOrder", "createdAt", "updatedAt") VALUES ('315', '1', '9', '위험물,가스저장소 점검', '9', '2025-11-18 06:48:43.134', '2025-11-18 06:48:43.134');
INSERT INTO "InspectionScheduleTemplates" ("id", "factoryId", "month", "equipmentName", "displayOrder", "createdAt", "updatedAt") VALUES ('316', '1', '10', '지게차 점검', '1', '2025-11-18 06:48:43.135', '2025-11-18 06:48:43.135');
INSERT INTO "InspectionScheduleTemplates" ("id", "factoryId", "month", "equipmentName", "displayOrder", "createdAt", "updatedAt") VALUES ('317', '1', '10', '크레인 점검', '2', '2025-11-18 06:48:43.136', '2025-11-18 06:48:43.136');
INSERT INTO "InspectionScheduleTemplates" ("id", "factoryId", "month", "equipmentName", "displayOrder", "createdAt", "updatedAt") VALUES ('318', '1', '10', '전단기 점검', '3', '2025-11-18 06:48:43.138', '2025-11-18 06:48:43.138');
INSERT INTO "InspectionScheduleTemplates" ("id", "factoryId", "month", "equipmentName", "displayOrder", "createdAt", "updatedAt") VALUES ('319', '1', '10', '절곡기 점검', '4', '2025-11-18 06:48:43.139', '2025-11-18 06:48:43.139');
INSERT INTO "InspectionScheduleTemplates" ("id", "factoryId", "month", "equipmentName", "displayOrder", "createdAt", "updatedAt") VALUES ('321', '1', '10', '걸이구 점검', '6', '2025-11-18 06:48:43.141', '2025-11-18 06:48:43.141');
INSERT INTO "InspectionScheduleTemplates" ("id", "factoryId", "month", "equipmentName", "displayOrder", "createdAt", "updatedAt") VALUES ('322', '1', '10', '프레스 점검', '7', '2025-11-18 06:48:43.143', '2025-11-18 06:48:43.143');
INSERT INTO "InspectionScheduleTemplates" ("id", "factoryId", "month", "equipmentName", "displayOrder", "createdAt", "updatedAt") VALUES ('323', '1', '10', '배전반 점검', '8', '2025-11-18 06:48:43.144', '2025-11-18 06:48:43.144');
INSERT INTO "InspectionScheduleTemplates" ("id", "factoryId", "month", "equipmentName", "displayOrder", "createdAt", "updatedAt") VALUES ('324', '1', '10', '소화전,소화기 점검', '9', '2025-11-18 06:48:43.146', '2025-11-18 06:48:43.146');
INSERT INTO "InspectionScheduleTemplates" ("id", "factoryId", "month", "equipmentName", "displayOrder", "createdAt", "updatedAt") VALUES ('343', '1', '11', '지게차 점검', '1', '2025-11-18 07:14:39.491', '2025-11-18 07:14:39.491');
INSERT INTO "InspectionScheduleTemplates" ("id", "factoryId", "month", "equipmentName", "displayOrder", "createdAt", "updatedAt") VALUES ('344', '1', '11', '크레인 점검', '2', '2025-11-18 07:14:39.491', '2025-11-18 07:14:39.491');
INSERT INTO "InspectionScheduleTemplates" ("id", "factoryId", "month", "equipmentName", "displayOrder", "createdAt", "updatedAt") VALUES ('345', '1', '11', '전단기 점검', '3', '2025-11-18 07:14:39.491', '2025-11-18 07:14:39.491');
INSERT INTO "InspectionScheduleTemplates" ("id", "factoryId", "month", "equipmentName", "displayOrder", "createdAt", "updatedAt") VALUES ('346', '1', '11', '절곡기 점검', '4', '2025-11-18 07:14:39.491', '2025-11-18 07:14:39.491');
INSERT INTO "InspectionScheduleTemplates" ("id", "factoryId", "month", "equipmentName", "displayOrder", "createdAt", "updatedAt") VALUES ('348', '1', '11', '걸이구 점검', '6', '2025-11-18 07:14:39.491', '2025-11-18 07:14:39.491');
INSERT INTO "InspectionScheduleTemplates" ("id", "factoryId", "month", "equipmentName", "displayOrder", "createdAt", "updatedAt") VALUES ('349', '1', '11', '드릴기 점검', '7', '2025-11-18 07:14:39.491', '2025-11-18 07:14:39.491');
INSERT INTO "InspectionScheduleTemplates" ("id", "factoryId", "month", "equipmentName", "displayOrder", "createdAt", "updatedAt") VALUES ('351', '1', '11', '소화전,소화기 점검', '9', '2025-11-18 07:14:39.491', '2025-11-18 07:14:39.491');
INSERT INTO "InspectionScheduleTemplates" ("id", "factoryId", "month", "equipmentName", "displayOrder", "createdAt", "updatedAt") VALUES ('257', '1', '3', '컨베이어 점검', '5', '2025-11-18 06:48:43.04', '2025-11-18 06:48:43.04');
INSERT INTO "InspectionScheduleTemplates" ("id", "factoryId", "month", "equipmentName", "displayOrder", "createdAt", "updatedAt") VALUES ('266', '1', '4', '컨베이어 점검', '5', '2025-11-18 06:48:43.054', '2025-11-18 06:48:43.054');
INSERT INTO "InspectionScheduleTemplates" ("id", "factoryId", "month", "equipmentName", "displayOrder", "createdAt", "updatedAt") VALUES ('275', '1', '5', '컨베이어 점검', '5', '2025-11-18 06:48:43.071', '2025-11-18 06:48:43.071');
INSERT INTO "InspectionScheduleTemplates" ("id", "factoryId", "month", "equipmentName", "displayOrder", "createdAt", "updatedAt") VALUES ('278', '1', '5', '굴착기 점검', '8', '2025-11-18 06:48:43.077', '2025-11-18 06:48:43.077');
INSERT INTO "InspectionScheduleTemplates" ("id", "factoryId", "month", "equipmentName", "displayOrder", "createdAt", "updatedAt") VALUES ('284', '1', '6', '컨베이어 점검', '5', '2025-11-18 06:48:43.086', '2025-11-18 06:48:43.086');
INSERT INTO "InspectionScheduleTemplates" ("id", "factoryId", "month", "equipmentName", "displayOrder", "createdAt", "updatedAt") VALUES ('293', '1', '7', '컨베이어 점검', '5', '2025-11-18 06:48:43.1', '2025-11-18 06:48:43.1');
INSERT INTO "InspectionScheduleTemplates" ("id", "factoryId", "month", "equipmentName", "displayOrder", "createdAt", "updatedAt") VALUES ('302', '1', '8', '컨베이어 점검', '5', '2025-11-18 06:48:43.116', '2025-11-18 06:48:43.116');
INSERT INTO "InspectionScheduleTemplates" ("id", "factoryId", "month", "equipmentName", "displayOrder", "createdAt", "updatedAt") VALUES ('305', '1', '8', '굴착기 점검', '8', '2025-11-18 06:48:43.121', '2025-11-18 06:48:43.121');
INSERT INTO "InspectionScheduleTemplates" ("id", "factoryId", "month", "equipmentName", "displayOrder", "createdAt", "updatedAt") VALUES ('311', '1', '9', '컨베이어 점검', '5', '2025-11-18 06:48:43.128', '2025-11-18 06:48:43.128');
INSERT INTO "InspectionScheduleTemplates" ("id", "factoryId", "month", "equipmentName", "displayOrder", "createdAt", "updatedAt") VALUES ('320', '1', '10', '컨베이어 점검', '5', '2025-11-18 06:48:43.14', '2025-11-18 06:48:43.14');
INSERT INTO "InspectionScheduleTemplates" ("id", "factoryId", "month", "equipmentName", "displayOrder", "createdAt", "updatedAt") VALUES ('347', '1', '11', '컨베이어 점검', '5', '2025-11-18 07:14:39.491', '2025-11-18 07:14:39.491');
INSERT INTO "InspectionScheduleTemplates" ("id", "factoryId", "month", "equipmentName", "displayOrder", "createdAt", "updatedAt") VALUES ('350', '1', '11', '굴착기 점검', '8', '2025-11-18 07:14:39.491', '2025-11-18 07:14:39.491');
INSERT INTO "InspectionScheduleTemplates" ("id", "factoryId", "month", "equipmentName", "displayOrder", "createdAt", "updatedAt") VALUES ('361', '1', '2', '지게차 점검', '1', '2025-11-26 00:30:15.433', '2025-11-26 00:30:15.433');
INSERT INTO "InspectionScheduleTemplates" ("id", "factoryId", "month", "equipmentName", "displayOrder", "createdAt", "updatedAt") VALUES ('362', '1', '2', '크레인 점검', '2', '2025-11-26 00:30:15.433', '2025-11-26 00:30:15.433');
INSERT INTO "InspectionScheduleTemplates" ("id", "factoryId", "month", "equipmentName", "displayOrder", "createdAt", "updatedAt") VALUES ('363', '1', '2', '전단기 점검', '3', '2025-11-26 00:30:15.433', '2025-11-26 00:30:15.433');
INSERT INTO "InspectionScheduleTemplates" ("id", "factoryId", "month", "equipmentName", "displayOrder", "createdAt", "updatedAt") VALUES ('364', '1', '2', '절곡기 점검', '4', '2025-11-26 00:30:15.433', '2025-11-26 00:30:15.433');
INSERT INTO "InspectionScheduleTemplates" ("id", "factoryId", "month", "equipmentName", "displayOrder", "createdAt", "updatedAt") VALUES ('365', '1', '2', '컨베이어 점검', '5', '2025-11-26 00:30:15.433', '2025-11-26 00:30:15.433');
INSERT INTO "InspectionScheduleTemplates" ("id", "factoryId", "month", "equipmentName", "displayOrder", "createdAt", "updatedAt") VALUES ('366', '1', '2', '걸이구 점검', '6', '2025-11-26 00:30:15.433', '2025-11-26 00:30:15.433');
INSERT INTO "InspectionScheduleTemplates" ("id", "factoryId", "month", "equipmentName", "displayOrder", "createdAt", "updatedAt") VALUES ('367', '1', '2', '밀링기,면취기', '7', '2025-11-26 00:30:15.433', '2025-11-26 00:30:15.433');
INSERT INTO "InspectionScheduleTemplates" ("id", "factoryId", "month", "equipmentName", "displayOrder", "createdAt", "updatedAt") VALUES ('368', '1', '2', '용접기 점검', '8', '2025-11-26 00:30:15.433', '2025-11-26 00:30:15.433');
INSERT INTO "InspectionScheduleTemplates" ("id", "factoryId", "month", "equipmentName", "displayOrder", "createdAt", "updatedAt") VALUES ('369', '1', '2', '위험물,가스저장소', '9', '2025-11-26 00:30:15.433', '2025-11-26 00:30:15.433');
INSERT INTO "InspectionScheduleTemplates" ("id", "factoryId", "month", "equipmentName", "displayOrder", "createdAt", "updatedAt") VALUES ('382', '2', '2', '지게차 점검', '1', '2025-11-26 02:01:31.548', '2025-11-26 02:01:31.548');
INSERT INTO "InspectionScheduleTemplates" ("id", "factoryId", "month", "equipmentName", "displayOrder", "createdAt", "updatedAt") VALUES ('383', '2', '2', '크레인 점검', '2', '2025-11-26 02:01:31.548', '2025-11-26 02:01:31.548');
INSERT INTO "InspectionScheduleTemplates" ("id", "factoryId", "month", "equipmentName", "displayOrder", "createdAt", "updatedAt") VALUES ('384', '2', '2', '컨베이어 점검', '3', '2025-11-26 02:01:31.548', '2025-11-26 02:01:31.548');
INSERT INTO "InspectionScheduleTemplates" ("id", "factoryId", "month", "equipmentName", "displayOrder", "createdAt", "updatedAt") VALUES ('385', '2', '2', 'CNC 선반 점검', '4', '2025-11-26 02:01:31.548', '2025-11-26 02:01:31.548');
INSERT INTO "InspectionScheduleTemplates" ("id", "factoryId", "month", "equipmentName", "displayOrder", "createdAt", "updatedAt") VALUES ('386', '2', '2', 'MCT', '5', '2025-11-26 02:01:31.548', '2025-11-26 02:01:31.548');
INSERT INTO "InspectionScheduleTemplates" ("id", "factoryId", "month", "equipmentName", "displayOrder", "createdAt", "updatedAt") VALUES ('387', '2', '2', '걸이구 점검', '6', '2025-11-26 02:01:31.548', '2025-11-26 02:01:31.548');
INSERT INTO "InspectionScheduleTemplates" ("id", "factoryId", "month", "equipmentName", "displayOrder", "createdAt", "updatedAt") VALUES ('388', '2', '2', 'Deep Hole 점검', '7', '2025-11-26 02:01:31.548', '2025-11-26 02:01:31.548');
INSERT INTO "InspectionScheduleTemplates" ("id", "factoryId", "month", "equipmentName", "displayOrder", "createdAt", "updatedAt") VALUES ('389', '2', '2', '용접기 점검', '8', '2025-11-26 02:01:31.548', '2025-11-26 02:01:31.548');
INSERT INTO "InspectionScheduleTemplates" ("id", "factoryId", "month", "equipmentName", "displayOrder", "createdAt", "updatedAt") VALUES ('390', '2', '2', '굴착기 점검', '9', '2025-11-26 02:01:31.548', '2025-11-26 02:01:31.548');
INSERT INTO "InspectionScheduleTemplates" ("id", "factoryId", "month", "equipmentName", "displayOrder", "createdAt", "updatedAt") VALUES ('391', '2', '2', '테스트크레인 점검', '10', '2025-11-26 02:01:31.548', '2025-11-26 02:01:31.548');
INSERT INTO "InspectionScheduleTemplates" ("id", "factoryId", "month", "equipmentName", "displayOrder", "createdAt", "updatedAt") VALUES ('392', '2', '2', '위험물,가스저장소 점검', '11', '2025-11-26 02:01:31.548', '2025-11-26 02:01:31.548');
INSERT INTO "InspectionScheduleTemplates" ("id", "factoryId", "month", "equipmentName", "displayOrder", "createdAt", "updatedAt") VALUES ('393', '2', '3', '지게차 점검', '1', '2025-11-26 02:01:50.415', '2025-11-26 02:01:50.415');
INSERT INTO "InspectionScheduleTemplates" ("id", "factoryId", "month", "equipmentName", "displayOrder", "createdAt", "updatedAt") VALUES ('394', '2', '3', '크레인 점검', '2', '2025-11-26 02:01:50.415', '2025-11-26 02:01:50.415');
INSERT INTO "InspectionScheduleTemplates" ("id", "factoryId", "month", "equipmentName", "displayOrder", "createdAt", "updatedAt") VALUES ('395', '2', '3', '컨베이어 점검', '3', '2025-11-26 02:01:50.415', '2025-11-26 02:01:50.415');
INSERT INTO "InspectionScheduleTemplates" ("id", "factoryId", "month", "equipmentName", "displayOrder", "createdAt", "updatedAt") VALUES ('396', '2', '3', 'CNC 선반 점검', '4', '2025-11-26 02:01:50.415', '2025-11-26 02:01:50.415');
INSERT INTO "InspectionScheduleTemplates" ("id", "factoryId", "month", "equipmentName", "displayOrder", "createdAt", "updatedAt") VALUES ('397', '2', '3', 'MCT 점검', '5', '2025-11-26 02:01:50.415', '2025-11-26 02:01:50.415');
INSERT INTO "InspectionScheduleTemplates" ("id", "factoryId", "month", "equipmentName", "displayOrder", "createdAt", "updatedAt") VALUES ('398', '2', '3', '걸이구 점검', '6', '2025-11-26 02:01:50.415', '2025-11-26 02:01:50.415');
INSERT INTO "InspectionScheduleTemplates" ("id", "factoryId", "month", "equipmentName", "displayOrder", "createdAt", "updatedAt") VALUES ('399', '2', '3', '반전기 점검', '7', '2025-11-26 02:01:50.415', '2025-11-26 02:01:50.415');
INSERT INTO "InspectionScheduleTemplates" ("id", "factoryId", "month", "equipmentName", "displayOrder", "createdAt", "updatedAt") VALUES ('400', '2', '3', '세척기', '8', '2025-11-26 02:01:50.415', '2025-11-26 02:01:50.415');
INSERT INTO "InspectionScheduleTemplates" ("id", "factoryId", "month", "equipmentName", "displayOrder", "createdAt", "updatedAt") VALUES ('401', '2', '3', '연삭기 점검', '9', '2025-11-26 02:01:50.415', '2025-11-26 02:01:50.415');
INSERT INTO "InspectionScheduleTemplates" ("id", "factoryId", "month", "equipmentName", "displayOrder", "createdAt", "updatedAt") VALUES ('402', '2', '3', '템퍼링로', '10', '2025-11-26 02:01:50.415', '2025-11-26 02:01:50.415');
INSERT INTO "InspectionScheduleTemplates" ("id", "factoryId", "month", "equipmentName", "displayOrder", "createdAt", "updatedAt") VALUES ('403', '2', '3', '소화전,소화기', '11', '2025-11-26 02:01:50.415', '2025-11-26 02:01:50.415');
INSERT INTO "InspectionScheduleTemplates" ("id", "factoryId", "month", "equipmentName", "displayOrder", "createdAt", "updatedAt") VALUES ('404', '2', '4', '지게차 점검', '1', '2025-11-26 02:01:59.912', '2025-11-26 02:01:59.912');
INSERT INTO "InspectionScheduleTemplates" ("id", "factoryId", "month", "equipmentName", "displayOrder", "createdAt", "updatedAt") VALUES ('405', '2', '4', '크레인 점검', '2', '2025-11-26 02:01:59.912', '2025-11-26 02:01:59.912');
INSERT INTO "InspectionScheduleTemplates" ("id", "factoryId", "month", "equipmentName", "displayOrder", "createdAt", "updatedAt") VALUES ('406', '2', '4', '컨베이어 점검', '3', '2025-11-26 02:01:59.912', '2025-11-26 02:01:59.912');
INSERT INTO "InspectionScheduleTemplates" ("id", "factoryId", "month", "equipmentName", "displayOrder", "createdAt", "updatedAt") VALUES ('407', '2', '4', 'CNC 선반 점검', '4', '2025-11-26 02:01:59.912', '2025-11-26 02:01:59.912');
INSERT INTO "InspectionScheduleTemplates" ("id", "factoryId", "month", "equipmentName", "displayOrder", "createdAt", "updatedAt") VALUES ('408', '2', '4', 'MCT 점검', '5', '2025-11-26 02:01:59.912', '2025-11-26 02:01:59.912');
INSERT INTO "InspectionScheduleTemplates" ("id", "factoryId", "month", "equipmentName", "displayOrder", "createdAt", "updatedAt") VALUES ('409', '2', '4', '걸이구 점검', '6', '2025-11-26 02:01:59.912', '2025-11-26 02:01:59.912');
INSERT INTO "InspectionScheduleTemplates" ("id", "factoryId", "month", "equipmentName", "displayOrder", "createdAt", "updatedAt") VALUES ('410', '2', '4', '보링기 점검', '7', '2025-11-26 02:01:59.912', '2025-11-26 02:01:59.912');
INSERT INTO "InspectionScheduleTemplates" ("id", "factoryId", "month", "equipmentName", "displayOrder", "createdAt", "updatedAt") VALUES ('411', '2', '4', '마킹기 점검', '8', '2025-11-26 02:01:59.912', '2025-11-26 02:01:59.912');
INSERT INTO "InspectionScheduleTemplates" ("id", "factoryId", "month", "equipmentName", "displayOrder", "createdAt", "updatedAt") VALUES ('412', '2', '4', '멀티밀링 점검', '9', '2025-11-26 02:01:59.912', '2025-11-26 02:01:59.912');
INSERT INTO "InspectionScheduleTemplates" ("id", "factoryId", "month", "equipmentName", "displayOrder", "createdAt", "updatedAt") VALUES ('413', '2', '4', '스토우 점검', '10', '2025-11-26 02:01:59.912', '2025-11-26 02:01:59.912');
INSERT INTO "InspectionScheduleTemplates" ("id", "factoryId", "month", "equipmentName", "displayOrder", "createdAt", "updatedAt") VALUES ('414', '2', '4', '위험물,가스저장소 점검', '11', '2025-11-26 02:01:59.912', '2025-11-26 02:01:59.912');
INSERT INTO "InspectionScheduleTemplates" ("id", "factoryId", "month", "equipmentName", "displayOrder", "createdAt", "updatedAt") VALUES ('12', '2', '12', '지게차 점검', '1', '2025-12-11 01:44:17.256', '2025-12-11 01:44:17.256');
INSERT INTO "InspectionScheduleTemplates" ("id", "factoryId", "month", "equipmentName", "displayOrder", "createdAt", "updatedAt") VALUES ('13', '2', '12', '크레인 점검', '2', '2025-12-11 01:44:17.256', '2025-12-11 01:44:17.256');
INSERT INTO "InspectionScheduleTemplates" ("id", "factoryId", "month", "equipmentName", "displayOrder", "createdAt", "updatedAt") VALUES ('14', '2', '12', '컨베이어 점검', '3', '2025-12-11 01:44:17.256', '2025-12-11 01:44:17.256');
INSERT INTO "InspectionScheduleTemplates" ("id", "factoryId", "month", "equipmentName", "displayOrder", "createdAt", "updatedAt") VALUES ('15', '2', '12', 'CNC선반 점검', '4', '2025-12-11 01:44:17.256', '2025-12-11 01:44:17.256');
INSERT INTO "InspectionScheduleTemplates" ("id", "factoryId", "month", "equipmentName", "displayOrder", "createdAt", "updatedAt") VALUES ('16', '2', '12', '걸이구 점검', '5', '2025-12-11 01:44:17.256', '2025-12-11 01:44:17.256');
INSERT INTO "InspectionScheduleTemplates" ("id", "factoryId", "month", "equipmentName", "displayOrder", "createdAt", "updatedAt") VALUES ('17', '2', '12', '위험물/가스저장소 점검', '6', '2025-12-11 01:44:17.256', '2025-12-11 01:44:17.256');
INSERT INTO "InspectionScheduleTemplates" ("id", "factoryId", "month", "equipmentName", "displayOrder", "createdAt", "updatedAt") VALUES ('18', '2', '12', '소화전/소화기 점검', '7', '2025-12-11 01:44:17.256', '2025-12-11 01:44:17.256');
INSERT INTO "InspectionScheduleTemplates" ("id", "factoryId", "month", "equipmentName", "displayOrder", "createdAt", "updatedAt") VALUES ('39', '2', '11', '지게차 점검', '1', '2025-12-11 02:27:59.341', '2025-12-11 02:27:59.341');
INSERT INTO "InspectionScheduleTemplates" ("id", "factoryId", "month", "equipmentName", "displayOrder", "createdAt", "updatedAt") VALUES ('40', '2', '11', '크레인 점검', '2', '2025-12-11 02:27:59.341', '2025-12-11 02:27:59.341');
INSERT INTO "InspectionScheduleTemplates" ("id", "factoryId", "month", "equipmentName", "displayOrder", "createdAt", "updatedAt") VALUES ('41', '2', '11', '컨베이어 점검', '3', '2025-12-11 02:27:59.341', '2025-12-11 02:27:59.341');
INSERT INTO "InspectionScheduleTemplates" ("id", "factoryId", "month", "equipmentName", "displayOrder", "createdAt", "updatedAt") VALUES ('42', '2', '11', 'CNC선반 점검', '4', '2025-12-11 02:27:59.341', '2025-12-11 02:27:59.341');
INSERT INTO "InspectionScheduleTemplates" ("id", "factoryId", "month", "equipmentName", "displayOrder", "createdAt", "updatedAt") VALUES ('43', '2', '11', 'MCT 점검', '5', '2025-12-11 02:27:59.341', '2025-12-11 02:27:59.341');
INSERT INTO "InspectionScheduleTemplates" ("id", "factoryId", "month", "equipmentName", "displayOrder", "createdAt", "updatedAt") VALUES ('44', '2', '11', '걸이구 점검', '6', '2025-12-11 02:27:59.341', '2025-12-11 02:27:59.341');
INSERT INTO "InspectionScheduleTemplates" ("id", "factoryId", "month", "equipmentName", "displayOrder", "createdAt", "updatedAt") VALUES ('45', '2', '11', '전동드릴/타카 점검', '7', '2025-12-11 02:27:59.341', '2025-12-11 02:27:59.341');
INSERT INTO "InspectionScheduleTemplates" ("id", "factoryId", "month", "equipmentName", "displayOrder", "createdAt", "updatedAt") VALUES ('46', '2', '11', '산소절단기 점검', '8', '2025-12-11 02:27:59.341', '2025-12-11 02:27:59.341');
INSERT INTO "InspectionScheduleTemplates" ("id", "factoryId", "month", "equipmentName", "displayOrder", "createdAt", "updatedAt") VALUES ('47', '2', '11', '둥근톱 점검', '9', '2025-12-11 02:27:59.341', '2025-12-11 02:27:59.341');
INSERT INTO "InspectionScheduleTemplates" ("id", "factoryId", "month", "equipmentName", "displayOrder", "createdAt", "updatedAt") VALUES ('48', '2', '11', '밧데리충전기 점검', '10', '2025-12-11 02:27:59.341', '2025-12-11 02:27:59.341');
INSERT INTO "InspectionScheduleTemplates" ("id", "factoryId", "month", "equipmentName", "displayOrder", "createdAt", "updatedAt") VALUES ('49', '2', '11', '작업대/발판 점검', '11', '2025-12-11 02:27:59.341', '2025-12-11 02:27:59.341');
INSERT INTO "InspectionScheduleTemplates" ("id", "factoryId", "month", "equipmentName", "displayOrder", "createdAt", "updatedAt") VALUES ('50', '2', '1', '지게차 점검', '1', '2025-12-11 02:28:49.157', '2025-12-11 02:28:49.157');
INSERT INTO "InspectionScheduleTemplates" ("id", "factoryId", "month", "equipmentName", "displayOrder", "createdAt", "updatedAt") VALUES ('51', '2', '1', '크레인 점검', '2', '2025-12-11 02:28:49.157', '2025-12-11 02:28:49.157');
INSERT INTO "InspectionScheduleTemplates" ("id", "factoryId", "month", "equipmentName", "displayOrder", "createdAt", "updatedAt") VALUES ('52', '2', '1', '컨베이어 점검', '3', '2025-12-11 02:28:49.157', '2025-12-11 02:28:49.157');
INSERT INTO "InspectionScheduleTemplates" ("id", "factoryId", "month", "equipmentName", "displayOrder", "createdAt", "updatedAt") VALUES ('53', '2', '1', 'CNC선반 점검', '4', '2025-12-11 02:28:49.157', '2025-12-11 02:28:49.157');
INSERT INTO "InspectionScheduleTemplates" ("id", "factoryId", "month", "equipmentName", "displayOrder", "createdAt", "updatedAt") VALUES ('54', '2', '1', 'MCT 점검', '5', '2025-12-11 02:28:49.157', '2025-12-11 02:28:49.157');
INSERT INTO "InspectionScheduleTemplates" ("id", "factoryId", "month", "equipmentName", "displayOrder", "createdAt", "updatedAt") VALUES ('55', '2', '1', '걸이구 점검', '6', '2025-12-11 02:28:49.157', '2025-12-11 02:28:49.157');
INSERT INTO "InspectionScheduleTemplates" ("id", "factoryId", "month", "equipmentName", "displayOrder", "createdAt", "updatedAt") VALUES ('56', '2', '1', '세척조/피트로/유조로 점검', '7', '2025-12-11 02:28:49.157', '2025-12-11 02:28:49.157');
INSERT INTO "InspectionScheduleTemplates" ("id", "factoryId", "month", "equipmentName", "displayOrder", "createdAt", "updatedAt") VALUES ('57', '2', '1', '열처리/올케이스로 점검', '8', '2025-12-11 02:28:49.157', '2025-12-11 02:28:49.157');
INSERT INTO "InspectionScheduleTemplates" ("id", "factoryId", "month", "equipmentName", "displayOrder", "createdAt", "updatedAt") VALUES ('58', '2', '1', '둥근톱', '9', '2025-12-11 02:28:49.157', '2025-12-11 02:28:49.157');
INSERT INTO "InspectionScheduleTemplates" ("id", "factoryId", "month", "equipmentName", "displayOrder", "createdAt", "updatedAt") VALUES ('59', '2', '1', '위험물/가스저장소 점검', '10', '2025-12-11 02:28:49.157', '2025-12-11 02:28:49.157');
INSERT INTO "InspectionScheduleTemplates" ("id", "factoryId", "month", "equipmentName", "displayOrder", "createdAt", "updatedAt") VALUES ('60', '2', '1', '소화전/소화기 점검', '11', '2025-12-11 02:28:49.157', '2025-12-11 02:28:49.157');
INSERT INTO "InspectionScheduleTemplates" ("id", "factoryId", "month", "equipmentName", "displayOrder", "createdAt", "updatedAt") VALUES ('61', '1', '12', '지게차 점검', '1', '2025-12-11 02:30:39.672', '2025-12-11 02:30:39.672');
INSERT INTO "InspectionScheduleTemplates" ("id", "factoryId", "month", "equipmentName", "displayOrder", "createdAt", "updatedAt") VALUES ('62', '1', '12', '크레인 점검', '2', '2025-12-11 02:30:39.672', '2025-12-11 02:30:39.672');
INSERT INTO "InspectionScheduleTemplates" ("id", "factoryId", "month", "equipmentName", "displayOrder", "createdAt", "updatedAt") VALUES ('63', '1', '12', '전단기 점검', '3', '2025-12-11 02:30:39.672', '2025-12-11 02:30:39.672');
INSERT INTO "InspectionScheduleTemplates" ("id", "factoryId", "month", "equipmentName", "displayOrder", "createdAt", "updatedAt") VALUES ('64', '1', '12', '절곡기 점검', '4', '2025-12-11 02:30:39.672', '2025-12-11 02:30:39.672');
INSERT INTO "InspectionScheduleTemplates" ("id", "factoryId", "month", "equipmentName", "displayOrder", "createdAt", "updatedAt") VALUES ('65', '1', '12', '컨베이어 점검', '5', '2025-12-11 02:30:39.672', '2025-12-11 02:30:39.672');
INSERT INTO "InspectionScheduleTemplates" ("id", "factoryId", "month", "equipmentName", "displayOrder", "createdAt", "updatedAt") VALUES ('66', '1', '12', '걸이구 점검', '6', '2025-12-11 02:30:39.672', '2025-12-11 02:30:39.672');
INSERT INTO "InspectionScheduleTemplates" ("id", "factoryId", "month", "equipmentName", "displayOrder", "createdAt", "updatedAt") VALUES ('67', '1', '12', '이동크레인 점검', '7', '2025-12-11 02:30:39.672', '2025-12-11 02:30:39.672');
INSERT INTO "InspectionScheduleTemplates" ("id", "factoryId", "month", "equipmentName", "displayOrder", "createdAt", "updatedAt") VALUES ('68', '1', '12', '소화전,소화기 점검', '8', '2025-12-11 02:30:39.672', '2025-12-11 02:30:39.672');
INSERT INTO "InspectionScheduleTemplates" ("id", "factoryId", "month", "equipmentName", "displayOrder", "createdAt", "updatedAt") VALUES ('69', '1', '1', '지게차 점검', '1', '2025-12-11 02:31:15.387', '2025-12-11 02:31:15.387');
INSERT INTO "InspectionScheduleTemplates" ("id", "factoryId", "month", "equipmentName", "displayOrder", "createdAt", "updatedAt") VALUES ('70', '1', '1', '크레인 점검', '2', '2025-12-11 02:31:15.387', '2025-12-11 02:31:15.387');
INSERT INTO "InspectionScheduleTemplates" ("id", "factoryId", "month", "equipmentName", "displayOrder", "createdAt", "updatedAt") VALUES ('71', '1', '1', '전단기 점검', '3', '2025-12-11 02:31:15.387', '2025-12-11 02:31:15.387');
INSERT INTO "InspectionScheduleTemplates" ("id", "factoryId", "month", "equipmentName", "displayOrder", "createdAt", "updatedAt") VALUES ('72', '1', '1', '절곡기 점검', '4', '2025-12-11 02:31:15.387', '2025-12-11 02:31:15.387');
INSERT INTO "InspectionScheduleTemplates" ("id", "factoryId", "month", "equipmentName", "displayOrder", "createdAt", "updatedAt") VALUES ('73', '1', '1', '컨베이어 점검', '5', '2025-12-11 02:31:15.387', '2025-12-11 02:31:15.387');
INSERT INTO "InspectionScheduleTemplates" ("id", "factoryId", "month", "equipmentName", "displayOrder", "createdAt", "updatedAt") VALUES ('74', '1', '1', '걸이구 점검', '6', '2025-12-11 02:31:15.387', '2025-12-11 02:31:15.387');
INSERT INTO "InspectionScheduleTemplates" ("id", "factoryId", "month", "equipmentName", "displayOrder", "createdAt", "updatedAt") VALUES ('75', '1', '1', '드릴기,플라즈마,레이져절단기 점검', '7', '2025-12-11 02:31:15.387', '2025-12-11 02:31:15.387');
INSERT INTO "InspectionScheduleTemplates" ("id", "factoryId", "month", "equipmentName", "displayOrder", "createdAt", "updatedAt") VALUES ('76', '1', '1', '위험물,가스저장소 점검', '8', '2025-12-11 02:31:15.387', '2025-12-11 02:31:15.387');
INSERT INTO "InspectionScheduleTemplates" ("id", "factoryId", "month", "equipmentName", "displayOrder", "createdAt", "updatedAt") VALUES ('77', '1', '1', '소화전,소화기 점검', '9', '2025-12-11 02:31:15.387', '2025-12-11 02:31:15.387');
INSERT INTO "InspectionTemplates" ("id", "teamId", "month", "equipmentName", "displayOrder", "isRequired", "createdAt") VALUES ('89', '1', '1', '지게차', '0', 't', '2025-11-10 00:13:32.308');
INSERT INTO "InspectionTemplates" ("id", "teamId", "month", "equipmentName", "displayOrder", "isRequired", "createdAt") VALUES ('90', '1', '1', '크레인/호이스트', '10', 't', '2025-11-10 00:13:32.308');
INSERT INTO "InspectionTemplates" ("id", "teamId", "month", "equipmentName", "displayOrder", "isRequired", "createdAt") VALUES ('91', '1', '1', '전동공구', '20', 't', '2025-11-10 00:13:32.308');
INSERT INTO "InspectionTemplates" ("id", "teamId", "month", "equipmentName", "displayOrder", "isRequired", "createdAt") VALUES ('92', '1', '1', '작업대', '30', 't', '2025-11-10 00:13:32.308');
INSERT INTO "InspectionTemplates" ("id", "teamId", "month", "equipmentName", "displayOrder", "isRequired", "createdAt") VALUES ('93', '1', '1', '컨베이어', '40', 't', '2025-11-10 00:13:32.308');
INSERT INTO "InspectionTemplates" ("id", "teamId", "month", "equipmentName", "displayOrder", "isRequired", "createdAt") VALUES ('94', '1', '1', '프레스', '50', 't', '2025-11-10 00:13:32.308');
INSERT INTO "InspectionTemplates" ("id", "teamId", "month", "equipmentName", "displayOrder", "isRequired", "createdAt") VALUES ('95', '1', '1', '용접기', '60', 't', '2025-11-10 00:13:32.308');
INSERT INTO "InspectionTemplates" ("id", "teamId", "month", "equipmentName", "displayOrder", "isRequired", "createdAt") VALUES ('96', '1', '1', '연삭기', '70', 't', '2025-11-10 00:13:32.308');
INSERT INTO "InspectionTemplates" ("id", "teamId", "month", "equipmentName", "displayOrder", "isRequired", "createdAt") VALUES ('97', '1', '1', '선반', '80', 't', '2025-11-10 00:13:32.308');
INSERT INTO "InspectionTemplates" ("id", "teamId", "month", "equipmentName", "displayOrder", "isRequired", "createdAt") VALUES ('98', '1', '1', '드릴', '90', 't', '2025-11-10 00:13:32.308');
INSERT INTO "InspectionTemplates" ("id", "teamId", "month", "equipmentName", "displayOrder", "isRequired", "createdAt") VALUES ('99', '1', '1', '안전난간', '100', 't', '2025-11-10 00:13:32.308');
INSERT INTO "InspectionTemplates" ("id", "teamId", "month", "equipmentName", "displayOrder", "isRequired", "createdAt") VALUES ('100', '1', '1', '비상정지장치', '110', 't', '2025-11-10 00:13:32.308');
INSERT INTO "InspectionTemplates" ("id", "teamId", "month", "equipmentName", "displayOrder", "isRequired", "createdAt") VALUES ('101', '1', '1', '국소배기장치', '120', 't', '2025-11-10 00:13:32.308');
INSERT INTO "InspectionTemplates" ("id", "teamId", "month", "equipmentName", "displayOrder", "isRequired", "createdAt") VALUES ('102', '1', '1', '방호덮개', '130', 't', '2025-11-10 00:13:32.308');
INSERT INTO "InspectionTemplates" ("id", "teamId", "month", "equipmentName", "displayOrder", "isRequired", "createdAt") VALUES ('103', '1', '1', '전기패널', '140', 't', '2025-11-10 00:13:32.308');
INSERT INTO "InspectionTemplates" ("id", "teamId", "month", "equipmentName", "displayOrder", "isRequired", "createdAt") VALUES ('104', '1', '1', '조명', '150', 't', '2025-11-10 00:13:32.308');
INSERT INTO "InspectionTemplates" ("id", "teamId", "month", "equipmentName", "displayOrder", "isRequired", "createdAt") VALUES ('105', '1', '1', '소화기', '160', 't', '2025-11-10 00:13:32.308');
INSERT INTO "InspectionTemplates" ("id", "teamId", "month", "equipmentName", "displayOrder", "isRequired", "createdAt") VALUES ('106', '1', '1', '비상구', '170', 't', '2025-11-10 00:13:32.308');
INSERT INTO "InspectionTemplates" ("id", "teamId", "month", "equipmentName", "displayOrder", "isRequired", "createdAt") VALUES ('107', '1', '1', '안전통로', '180', 't', '2025-11-10 00:13:32.308');
INSERT INTO "InspectionTemplates" ("id", "teamId", "month", "equipmentName", "displayOrder", "isRequired", "createdAt") VALUES ('108', '1', '1', '개인보호구 보관함', '190', 't', '2025-11-10 00:13:32.308');
INSERT INTO "InspectionTemplates" ("id", "teamId", "month", "equipmentName", "displayOrder", "isRequired", "createdAt") VALUES ('109', '5', '1', '지게차', '0', 't', '2025-11-10 00:13:32.313');
INSERT INTO "InspectionTemplates" ("id", "teamId", "month", "equipmentName", "displayOrder", "isRequired", "createdAt") VALUES ('110', '5', '1', '크레인/호이스트', '10', 't', '2025-11-10 00:13:32.313');
INSERT INTO "InspectionTemplates" ("id", "teamId", "month", "equipmentName", "displayOrder", "isRequired", "createdAt") VALUES ('111', '5', '1', '파레트랙', '20', 't', '2025-11-10 00:13:32.313');
INSERT INTO "InspectionTemplates" ("id", "teamId", "month", "equipmentName", "displayOrder", "isRequired", "createdAt") VALUES ('112', '5', '1', '하역설비', '30', 't', '2025-11-10 00:13:32.313');
INSERT INTO "InspectionTemplates" ("id", "teamId", "month", "equipmentName", "displayOrder", "isRequired", "createdAt") VALUES ('113', '5', '1', '운반대차', '40', 't', '2025-11-10 00:13:32.313');
INSERT INTO "InspectionTemplates" ("id", "teamId", "month", "equipmentName", "displayOrder", "isRequired", "createdAt") VALUES ('114', '5', '1', '안전난간', '50', 't', '2025-11-10 00:13:32.313');
INSERT INTO "InspectionTemplates" ("id", "teamId", "month", "equipmentName", "displayOrder", "isRequired", "createdAt") VALUES ('115', '5', '1', '전기패널', '60', 't', '2025-11-10 00:13:32.313');
INSERT INTO "InspectionTemplates" ("id", "teamId", "month", "equipmentName", "displayOrder", "isRequired", "createdAt") VALUES ('116', '5', '1', '조명', '70', 't', '2025-11-10 00:13:32.313');
INSERT INTO "InspectionTemplates" ("id", "teamId", "month", "equipmentName", "displayOrder", "isRequired", "createdAt") VALUES ('117', '5', '1', '소화기', '80', 't', '2025-11-10 00:13:32.313');
INSERT INTO "InspectionTemplates" ("id", "teamId", "month", "equipmentName", "displayOrder", "isRequired", "createdAt") VALUES ('118', '5', '1', '비상구', '90', 't', '2025-11-10 00:13:32.313');
INSERT INTO "InspectionTemplates" ("id", "teamId", "month", "equipmentName", "displayOrder", "isRequired", "createdAt") VALUES ('119', '5', '1', '안전통로', '100', 't', '2025-11-10 00:13:32.313');
INSERT INTO "InspectionTemplates" ("id", "teamId", "month", "equipmentName", "displayOrder", "isRequired", "createdAt") VALUES ('120', '5', '1', '개인보호구 보관함', '110', 't', '2025-11-10 00:13:32.313');
INSERT INTO "InspectionTemplates" ("id", "teamId", "month", "equipmentName", "displayOrder", "isRequired", "createdAt") VALUES ('121', '5', '1', '창고 선반', '120', 't', '2025-11-10 00:13:32.313');
INSERT INTO "InspectionTemplates" ("id", "teamId", "month", "equipmentName", "displayOrder", "isRequired", "createdAt") VALUES ('122', '5', '1', '포장 설비', '130', 't', '2025-11-10 00:13:32.313');
INSERT INTO "InspectionTemplates" ("id", "teamId", "month", "equipmentName", "displayOrder", "isRequired", "createdAt") VALUES ('123', '7', '1', '검사 장비', '0', 't', '2025-11-10 00:13:32.319');
INSERT INTO "InspectionTemplates" ("id", "teamId", "month", "equipmentName", "displayOrder", "isRequired", "createdAt") VALUES ('124', '7', '1', '측정 기구', '10', 't', '2025-11-10 00:13:32.319');
INSERT INTO "InspectionTemplates" ("id", "teamId", "month", "equipmentName", "displayOrder", "isRequired", "createdAt") VALUES ('125', '7', '1', '전동공구', '20', 't', '2025-11-10 00:13:32.319');
INSERT INTO "InspectionTemplates" ("id", "teamId", "month", "equipmentName", "displayOrder", "isRequired", "createdAt") VALUES ('126', '7', '1', '작업대', '30', 't', '2025-11-10 00:13:32.319');
INSERT INTO "InspectionTemplates" ("id", "teamId", "month", "equipmentName", "displayOrder", "isRequired", "createdAt") VALUES ('127', '7', '1', '전기패널', '40', 't', '2025-11-10 00:13:32.319');
INSERT INTO "InspectionTemplates" ("id", "teamId", "month", "equipmentName", "displayOrder", "isRequired", "createdAt") VALUES ('128', '7', '1', '조명', '50', 't', '2025-11-10 00:13:32.319');
INSERT INTO "InspectionTemplates" ("id", "teamId", "month", "equipmentName", "displayOrder", "isRequired", "createdAt") VALUES ('129', '7', '1', '소화기', '60', 't', '2025-11-10 00:13:32.319');
INSERT INTO "InspectionTemplates" ("id", "teamId", "month", "equipmentName", "displayOrder", "isRequired", "createdAt") VALUES ('130', '7', '1', '비상구', '70', 't', '2025-11-10 00:13:32.319');
INSERT INTO "InspectionTemplates" ("id", "teamId", "month", "equipmentName", "displayOrder", "isRequired", "createdAt") VALUES ('131', '7', '1', '안전통로', '80', 't', '2025-11-10 00:13:32.319');
INSERT INTO "InspectionTemplates" ("id", "teamId", "month", "equipmentName", "displayOrder", "isRequired", "createdAt") VALUES ('132', '7', '1', '개인보호구 보관함', '90', 't', '2025-11-10 00:13:32.319');
INSERT INTO "InspectionTemplates" ("id", "teamId", "month", "equipmentName", "displayOrder", "isRequired", "createdAt") VALUES ('133', '7', '1', '시험 장비', '100', 't', '2025-11-10 00:13:32.319');
INSERT INTO "InspectionTemplates" ("id", "teamId", "month", "equipmentName", "displayOrder", "isRequired", "createdAt") VALUES ('134', '7', '1', '컴퓨터/전자기기', '110', 't', '2025-11-10 00:13:32.319');
INSERT INTO "InspectionTemplates" ("id", "teamId", "month", "equipmentName", "displayOrder", "isRequired", "createdAt") VALUES ('59', '8', '1', '전기패널', '0', 't', '2025-11-10 00:13:32.298');
INSERT INTO "InspectionTemplates" ("id", "teamId", "month", "equipmentName", "displayOrder", "isRequired", "createdAt") VALUES ('60', '8', '1', '조명', '10', 't', '2025-11-10 00:13:32.298');
INSERT INTO "InspectionTemplates" ("id", "teamId", "month", "equipmentName", "displayOrder", "isRequired", "createdAt") VALUES ('61', '8', '1', '소화기', '20', 't', '2025-11-10 00:13:32.298');
INSERT INTO "InspectionTemplates" ("id", "teamId", "month", "equipmentName", "displayOrder", "isRequired", "createdAt") VALUES ('62', '8', '1', '비상구', '30', 't', '2025-11-10 00:13:32.298');
INSERT INTO "InspectionTemplates" ("id", "teamId", "month", "equipmentName", "displayOrder", "isRequired", "createdAt") VALUES ('63', '8', '1', '안전통로', '40', 't', '2025-11-10 00:13:32.298');
INSERT INTO "InspectionTemplates" ("id", "teamId", "month", "equipmentName", "displayOrder", "isRequired", "createdAt") VALUES ('64', '8', '1', '컴퓨터/전자기기', '50', 't', '2025-11-10 00:13:32.298');
INSERT INTO "InspectionTemplates" ("id", "teamId", "month", "equipmentName", "displayOrder", "isRequired", "createdAt") VALUES ('65', '8', '1', '에어컨/난방기', '60', 't', '2025-11-10 00:13:32.298');
INSERT INTO "InspectionTemplates" ("id", "teamId", "month", "equipmentName", "displayOrder", "isRequired", "createdAt") VALUES ('66', '8', '1', '정수기', '70', 't', '2025-11-10 00:13:32.298');
INSERT INTO "InspectionTemplates" ("id", "teamId", "month", "equipmentName", "displayOrder", "isRequired", "createdAt") VALUES ('67', '8', '1', '복사기', '80', 't', '2025-11-10 00:13:32.298');
INSERT INTO "InspectionTemplates" ("id", "teamId", "month", "equipmentName", "displayOrder", "isRequired", "createdAt") VALUES ('68', '8', '1', '캐비닛/선반', '90', 't', '2025-11-10 00:13:32.298');
INSERT INTO "InspectionTemplates" ("id", "teamId", "month", "equipmentName", "displayOrder", "isRequired", "createdAt") VALUES ('1094', '52', '5', '크레인', '2', 't', '2025-12-18 01:15:51.336');
INSERT INTO "InspectionTemplates" ("id", "teamId", "month", "equipmentName", "displayOrder", "isRequired", "createdAt") VALUES ('1095', '52', '5', '컨베이어', '3', 't', '2025-12-18 01:15:51.421');
INSERT INTO "InspectionTemplates" ("id", "teamId", "month", "equipmentName", "displayOrder", "isRequired", "createdAt") VALUES ('1096', '52', '5', '용접기', '4', 't', '2025-12-18 01:15:51.5');
INSERT INTO "InspectionTemplates" ("id", "teamId", "month", "equipmentName", "displayOrder", "isRequired", "createdAt") VALUES ('1097', '52', '5', '연삭기', '5', 't', '2025-12-18 01:15:51.579');
INSERT INTO "InspectionTemplates" ("id", "teamId", "month", "equipmentName", "displayOrder", "isRequired", "createdAt") VALUES ('1098', '52', '5', '둥근톱', '6', 't', '2025-12-18 01:15:51.659');
INSERT INTO "InspectionTemplates" ("id", "teamId", "month", "equipmentName", "displayOrder", "isRequired", "createdAt") VALUES ('1099', '52', '5', '산소절단기', '7', 't', '2025-12-18 01:15:51.739');
INSERT INTO "InspectionTemplates" ("id", "teamId", "month", "equipmentName", "displayOrder", "isRequired", "createdAt") VALUES ('1100', '52', '5', '위험물/가스저장소', '8', 't', '2025-12-18 01:15:51.82');
INSERT INTO "InspectionTemplates" ("id", "teamId", "month", "equipmentName", "displayOrder", "isRequired", "createdAt") VALUES ('1101', '52', '5', '소화전/소화기', '9', 't', '2025-12-18 01:15:51.899');
INSERT INTO "InspectionTemplates" ("id", "teamId", "month", "equipmentName", "displayOrder", "isRequired", "createdAt") VALUES ('1102', '52', '5', '분배전반', '10', 't', '2025-12-18 01:15:51.979');
INSERT INTO "InspectionTemplates" ("id", "teamId", "month", "equipmentName", "displayOrder", "isRequired", "createdAt") VALUES ('1103', '52', '5', '공기압축기', '11', 't', '2025-12-18 01:15:52.058');
INSERT INTO "InspectionTemplates" ("id", "teamId", "month", "equipmentName", "displayOrder", "isRequired", "createdAt") VALUES ('1104', '52', '6', '지게차', '1', 't', '2025-12-18 01:15:52.138');
INSERT INTO "InspectionTemplates" ("id", "teamId", "month", "equipmentName", "displayOrder", "isRequired", "createdAt") VALUES ('1105', '52', '6', '크레인', '2', 't', '2025-12-18 01:15:52.217');
INSERT INTO "InspectionTemplates" ("id", "teamId", "month", "equipmentName", "displayOrder", "isRequired", "createdAt") VALUES ('1106', '52', '6', '컨베이어', '3', 't', '2025-12-18 01:15:52.297');
INSERT INTO "InspectionTemplates" ("id", "teamId", "month", "equipmentName", "displayOrder", "isRequired", "createdAt") VALUES ('1107', '52', '6', '용접기', '4', 't', '2025-12-18 01:15:52.376');
INSERT INTO "InspectionTemplates" ("id", "teamId", "month", "equipmentName", "displayOrder", "isRequired", "createdAt") VALUES ('1108', '52', '6', '연삭기', '5', 't', '2025-12-18 01:15:52.456');
INSERT INTO "InspectionTemplates" ("id", "teamId", "month", "equipmentName", "displayOrder", "isRequired", "createdAt") VALUES ('1109', '52', '6', '둥근톱', '6', 't', '2025-12-18 01:15:52.535');
INSERT INTO "InspectionTemplates" ("id", "teamId", "month", "equipmentName", "displayOrder", "isRequired", "createdAt") VALUES ('1110', '52', '6', '산소절단기', '7', 't', '2025-12-18 01:15:52.614');
INSERT INTO "InspectionTemplates" ("id", "teamId", "month", "equipmentName", "displayOrder", "isRequired", "createdAt") VALUES ('1111', '52', '6', '위험물/가스저장소', '8', 't', '2025-12-18 01:15:52.694');
INSERT INTO "InspectionTemplates" ("id", "teamId", "month", "equipmentName", "displayOrder", "isRequired", "createdAt") VALUES ('1112', '52', '6', '소화전/소화기', '9', 't', '2025-12-18 01:15:52.774');
INSERT INTO "InspectionTemplates" ("id", "teamId", "month", "equipmentName", "displayOrder", "isRequired", "createdAt") VALUES ('1113', '52', '6', '분배전반', '10', 't', '2025-12-18 01:15:52.853');
INSERT INTO "InspectionTemplates" ("id", "teamId", "month", "equipmentName", "displayOrder", "isRequired", "createdAt") VALUES ('1114', '52', '6', '공기압축기', '11', 't', '2025-12-18 01:15:52.933');
INSERT INTO "InspectionTemplates" ("id", "teamId", "month", "equipmentName", "displayOrder", "isRequired", "createdAt") VALUES ('1115', '52', '7', '지게차', '1', 't', '2025-12-18 01:15:53.015');
INSERT INTO "InspectionTemplates" ("id", "teamId", "month", "equipmentName", "displayOrder", "isRequired", "createdAt") VALUES ('1116', '52', '7', '크레인', '2', 't', '2025-12-18 01:15:53.094');
INSERT INTO "InspectionTemplates" ("id", "teamId", "month", "equipmentName", "displayOrder", "isRequired", "createdAt") VALUES ('1117', '52', '7', '컨베이어', '3', 't', '2025-12-18 01:15:53.173');
INSERT INTO "InspectionTemplates" ("id", "teamId", "month", "equipmentName", "displayOrder", "isRequired", "createdAt") VALUES ('1118', '52', '7', '용접기', '4', 't', '2025-12-18 01:15:53.253');
INSERT INTO "InspectionTemplates" ("id", "teamId", "month", "equipmentName", "displayOrder", "isRequired", "createdAt") VALUES ('1119', '52', '7', '연삭기', '5', 't', '2025-12-18 01:15:53.332');
INSERT INTO "InspectionTemplates" ("id", "teamId", "month", "equipmentName", "displayOrder", "isRequired", "createdAt") VALUES ('1120', '52', '7', '둥근톱', '6', 't', '2025-12-18 01:15:53.412');
INSERT INTO "InspectionTemplates" ("id", "teamId", "month", "equipmentName", "displayOrder", "isRequired", "createdAt") VALUES ('1121', '52', '7', '산소절단기', '7', 't', '2025-12-18 01:15:53.491');
INSERT INTO "InspectionTemplates" ("id", "teamId", "month", "equipmentName", "displayOrder", "isRequired", "createdAt") VALUES ('1122', '52', '7', '위험물/가스저장소', '8', 't', '2025-12-18 01:15:53.57');
INSERT INTO "InspectionTemplates" ("id", "teamId", "month", "equipmentName", "displayOrder", "isRequired", "createdAt") VALUES ('1123', '52', '7', '소화전/소화기', '9', 't', '2025-12-18 01:15:53.65');